count,x,y
0,733.0,3171.0
1,1391.0,177.0
2,4558.0,3329.0
3,3304.0,2428.0
4,3300.0,2826.0
5,1321.0,1599.0
6,3294.0,559.0
7,4468.0,4809.0
8,2643.0,2245.0
9,2376.0,840.0
10,3933.0,3814.0
11,4050.0,2773.0
12,3330.0,800.0
13,1801.0,4029.0
14,2827.0,1147.0
15,3460.0,4383.0
16,3724.0,4596.0
17,1801.0,1302.0
18,943.0,3805.0
19,2050.0,3006.0
20,3423.0,4441.0
21,2974.0,1607.0
22,4222.0,3721.0
23,564.0,761.0
24,4993.0,638.0
25,2945.0,1740.0
26,4298.0,4807.0
27,3110.0,1128.0
28,4114.0,987.0
29,166.0,642.0
30,1770.0,2827.0
31,1921.0,435.0
32,2396.0,4259.0
33,4161.0,582.0
34,2798.0,283.0
35,3248.0,3211.0
36,1875.0,1207.0
37,4037.0,1135.0
38,1629.0,1289.0
39,842.0,1080.0
40,1911.0,1971.0
41,2427.0,2341.0
42,4844.0,2431.0
43,4175.0,3853.0
44,172.0,3105.0
45,4961.0,4135.0
46,4102.0,3758.0
47,4202.0,2612.0
48,2841.0,120.0
49,1545.0,2657.0
50,76.0,1156.0
51,3732.0,2494.0
52,2049.0,3615.0
53,4952.0,3317.0
54,2984.0,505.0
55,2180.0,4391.0
56,1031.0,3940.0
57,4661.0,2461.0
58,3263.0,598.0
59,351.0,4404.0
60,3692.0,781.0
61,1011.0,4797.0
62,3919.0,3177.0
63,3006.0,4673.0
64,2798.0,963.0
65,2572.0,4540.0
66,2886.0,3530.0
67,1867.0,2343.0
68,4406.0,1100.0
69,914.0,1097.0
70,1400.0,1045.0
71,3044.0,1674.0
72,836.0,2352.0
73,4301.0,4286.0
74,2738.0,89.0
75,3814.0,2590.0
76,1753.0,1197.0
77,4596.0,1923.0
78,2182.0,402.0
79,1637.0,327.0
80,4567.0,2615.0
81,3164.0,4281.0
82,3619.0,656.0
83,3132.0,1333.0
84,3803.0,3746.0
85,4748.0,1044.0
86,1729.0,3630.0
87,3252.0,475.0
88,598.0,3166.0
89,3589.0,3555.0
90,3742.0,2949.0
91,320.0,1293.0
92,3248.0,4691.0
93,1302.0,1934.0
94,3624.0,4785.0
95,101.0,4297.0
96,1061.0,2524.0
97,3461.0,4251.0
98,486.0,1950.0
99,4526.0,1144.0
100,4871.0,4098.0
101,4159.0,4256.0
102,1768.0,894.0
103,2214.0,3044.0
104,4108.0,1168.0
105,4670.0,3949.0
106,512.0,387.0
107,3159.0,887.0
108,3057.0,2001.0
109,3133.0,4620.0
110,775.0,3797.0
111,4500.0,1955.0
112,3764.0,3084.0
113,4502.0,3543.0
114,1248.0,2113.0
115,144.0,1609.0
116,3059.0,3624.0
117,427.0,2250.0
118,1450.0,2491.0
119,3510.0,2036.0
120,2967.0,952.0
121,1233.0,4884.0
122,2141.0,1952.0
123,2286.0,4166.0
124,4654.0,4427.0
125,1900.0,2714.0
126,698.0,2696.0
127,2847.0,1326.0
128,2708.0,1042.0
129,1905.0,2279.0
130,4009.0,2986.0
131,4291.0,3446.0
132,3792.0,4950.0
133,1402.0,458.0
134,1099.0,4542.0
135,2540.0,367.0
136,933.0,4839.0
137,4680.0,4245.0
138,4726.0,1891.0
139,2353.0,626.0
140,827.0,3535.0
141,2987.0,1163.0
142,680.0,2167.0
143,1714.0,2910.0
144,1343.0,4650.0
145,2539.0,4211.0
146,4872.0,3189.0
147,653.0,2467.0
148,3096.0,106.0
149,1251.0,3787.0
150,3482.0,1546.0
151,1923.0,2188.0
152,2322.0,1760.0
153,1145.0,1383.0
154,776.0,1830.0
155,1152.0,1362.0
156,1109.0,1424.0
157,1643.0,4753.0
158,1264.0,2695.0
159,2393.0,4123.0
160,4342.0,1064.0
161,1868.0,3428.0
162,1178.0,3359.0
163,691.0,82.0
164,961.0,4773.0
165,4219.0,3548.0
166,1239.0,2099.0
167,2289.0,1103.0
168,143.0,581.0
169,3234.0,4149.0
170,173.0,583.0
171,3773.0,1496.0
172,846.0,2783.0
173,1953.0,4084.0
174,2848.0,4339.0
175,2706.0,1560.0
176,936.0,2564.0
177,4817.0,42.0
178,3869.0,3605.0
179,253.0,1507.0
180,2013.0,2025.0
181,1911.0,1531.0
182,3179.0,225.0
183,1431.0,1797.0
184,4989.0,1022.0
185,1619.0,4408.0
186,4447.0,1911.0
187,2747.0,2918.0
188,786.0,2442.0
189,3858.0,1462.0
190,3964.0,3762.0
191,4680.0,1372.0
192,4192.0,3396.0
193,107.0,799.0
194,3776.0,3131.0
195,3834.0,1315.0
196,2686.0,3082.0
197,1867.0,948.0
198,514.0,4025.0
199,1274.0,2951.0
200,944.0,1407.0
201,2967.0,4590.0
202,1464.0,3895.0
203,1956.0,1485.0
204,2716.0,2734.0
205,330.0,437.0
206,201.0,2874.0
207,790.0,1771.0
208,3595.0,3675.0
209,2009.0,4200.0
210,817.0,4086.0
211,1482.0,4181.0
212,1641.0,2951.0
213,2983.0,723.0
214,2556.0,3104.0
215,4728.0,3246.0
216,3784.0,1302.0
217,4518.0,2989.0
218,192.0,3378.0
219,1913.0,4882.0
220,1647.0,2865.0
221,1767.0,2914.0
222,4773.0,1199.0
223,4627.0,204.0
224,2785.0,2602.0
225,2478.0,1106.0
226,2618.0,2982.0
227,761.0,4521.0
228,4650.0,3790.0
229,708.0,2483.0
230,1748.0,4649.0
231,176.0,4922.0
232,1534.0,2772.0
233,3774.0,2103.0
234,267.0,1943.0
235,2343.0,3348.0
236,4152.0,1462.0
237,4905.0,4406.0
238,357.0,1452.0
239,3905.0,755.0
240,4425.0,1110.0
241,2855.0,2131.0
242,2828.0,985.0
243,660.0,722.0
244,4167.0,4084.0
245,3878.0,148.0
246,4315.0,1759.0
247,2645.0,3625.0
248,4909.0,4849.0
249,4386.0,2298.0
250,47.0,1713.0
251,1793.0,663.0
252,375.0,3888.0
253,318.0,3011.0
254,3751.0,19.0
255,1592.0,80.0
256,1405.0,616.0
257,3827.0,849.0
258,903.0,3988.0
259,3692.0,2719.0
260,3738.0,3098.0
261,1870.0,4674.0
262,3209.0,3105.0
263,3815.0,373.0
264,3298.0,1459.0
265,3295.0,367.0
266,1909.0,1938.0
267,2395.0,2732.0
268,2422.0,2566.0
269,2103.0,2699.0
270,4546.0,687.0
271,4373.0,485.0
272,395.0,2386.0
273,2427.0,1034.0
274,2712.0,2762.0
275,3727.0,2636.0
276,636.0,3304.0
277,4627.0,2186.0
278,294.0,1380.0
279,3163.0,4689.0
280,3359.0,1807.0
281,4787.0,1736.0
282,3777.0,2068.0
283,672.0,4689.0
284,487.0,2482.0
285,2222.0,2364.0
286,1362.0,302.0
287,1332.0,1240.0
288,4220.0,662.0
289,1382.0,4359.0
290,3399.0,3805.0
291,3668.0,3839.0
292,2365.0,4777.0
293,4687.0,1847.0
294,4076.0,2920.0
295,2020.0,4187.0
296,4010.0,4446.0
297,1045.0,318.0
298,3362.0,4753.0
299,2193.0,31.0
300,2375.0,3035.0
301,3804.0,2307.0
302,551.0,3074.0
303,1277.0,2819.0
304,109.0,4855.0
305,1542.0,416.0
306,383.0,936.0
307,4934.0,3063.0
308,1398.0,4264.0
309,2213.0,3135.0
310,2603.0,2770.0
311,3287.0,1785.0
312,1677.0,1888.0
313,3683.0,1739.0
314,1063.0,2451.0
315,19.0,3497.0
316,3381.0,2712.0
317,1071.0,3826.0
318,2667.0,4663.0
319,4139.0,3667.0
320,1245.0,2988.0
321,603.0,1487.0
322,3481.0,1475.0
323,2682.0,1654.0
324,2705.0,3812.0
325,880.0,880.0
326,4499.0,3155.0
327,4854.0,3324.0
328,614.0,3842.0
329,4869.0,794.0
330,3277.0,2928.0
331,2499.0,825.0
332,1992.0,1470.0
333,479.0,1890.0
334,2353.0,3689.0
335,472.0,2295.0
336,3511.0,195.0
337,387.0,1515.0
338,4741.0,3440.0
339,4069.0,1635.0
340,268.0,2070.0
341,2352.0,1279.0
342,1596.0,2119.0
343,804.0,1088.0
344,822.0,4343.0
345,218.0,204.0
346,691.0,924.0
347,1550.0,251.0
348,4866.0,1465.0
349,4723.0,3724.0
350,4563.0,302.0
351,507.0,4356.0
352,165.0,2611.0
353,2277.0,3101.0
354,426.0,1540.0
355,381.0,3678.0
356,2976.0,2937.0
357,583.0,374.0
358,2934.0,1686.0
359,1027.0,4813.0
360,416.0,2900.0
361,4683.0,444.0
362,2510.0,1609.0
363,4471.0,837.0
364,864.0,921.0
365,362.0,562.0
366,1782.0,2336.0
367,4258.0,4076.0
368,3999.0,3824.0
369,4563.0,2748.0
370,1513.0,1656.0
371,4456.0,576.0
372,2119.0,252.0
373,1015.0,2977.0
374,2598.0,4185.0
375,3697.0,4422.0
376,2076.0,4466.0
377,4816.0,3632.0
378,2703.0,4540.0
379,638.0,2653.0
380,1550.0,4438.0
381,448.0,1959.0
382,773.0,4249.0
383,231.0,1579.0
384,172.0,435.0
385,3493.0,883.0
386,4512.0,1883.0
387,137.0,3945.0
388,1344.0,3353.0
389,1607.0,1154.0
390,24.0,116.0
391,281.0,29.0
392,4283.0,2456.0
393,2648.0,3442.0
394,4274.0,3994.0
395,2408.0,3370.0
396,4157.0,3796.0
397,612.0,3432.0
398,3584.0,3682.0
399,3059.0,3454.0
400,2248.0,2277.0
401,2378.0,1740.0
402,687.0,2188.0
403,4880.0,449.0
404,3253.0,1614.0
405,4978.0,4431.0
406,4551.0,2890.0
407,3055.0,4896.0
408,2579.0,4341.0
409,1749.0,1605.0
410,1431.0,2496.0
411,594.0,2668.0
412,4457.0,1202.0
413,1627.0,1494.0
414,234.0,1293.0
415,2668.0,3.0
416,1497.0,3002.0
417,47.0,1104.0
418,1126.0,2091.0
419,3858.0,1935.0
420,3973.0,2870.0
421,2459.0,201.0
422,3342.0,867.0
423,4192.0,2640.0
424,4037.0,1100.0
425,146.0,2103.0
426,1514.0,83.0
427,1798.0,2405.0
428,2200.0,3034.0
429,186.0,3507.0
430,1786.0,1595.0
431,3639.0,4354.0
432,3980.0,4435.0
433,4214.0,961.0
434,4120.0,262.0
435,510.0,1122.0
436,4837.0,2189.0
437,3217.0,2092.0
438,528.0,4700.0
439,729.0,3846.0
440,211.0,4282.0
441,1794.0,49.0
442,24.0,3661.0
443,1014.0,351.0
444,3546.0,2608.0
445,4015.0,4457.0
446,1357.0,4874.0
447,603.0,3031.0
448,3832.0,1276.0
449,448.0,3621.0
450,3660.0,673.0
451,4577.0,4981.0
452,3786.0,4443.0
453,729.0,641.0
454,1668.0,1947.0
455,1993.0,4661.0
456,2891.0,2441.0
457,4935.0,4926.0
458,4389.0,580.0
459,3138.0,3948.0
460,1161.0,1794.0
461,448.0,603.0
462,1764.0,1369.0
463,4560.0,1900.0
464,3761.0,3422.0
465,2240.0,4432.0
466,4206.0,102.0
467,1762.0,2369.0
468,2100.0,1740.0
469,1302.0,2037.0
470,1969.0,1979.0
471,2507.0,2598.0
472,3481.0,2376.0
473,2207.0,4193.0
474,4913.0,2152.0
475,2605.0,530.0
476,591.0,95.0
477,2190.0,4880.0
478,1195.0,3734.0
479,2258.0,3306.0
480,846.0,1562.0
481,2270.0,3736.0
482,991.0,3330.0
483,44.0,2963.0
484,2121.0,2763.0
485,2701.0,4355.0
486,971.0,2237.0
487,383.0,1891.0
488,1275.0,760.0
489,2787.0,3017.0
490,485.0,2740.0
491,2687.0,845.0
492,3464.0,152.0
493,1477.0,4709.0
494,4385.0,4424.0
495,2243.0,2974.0
496,2266.0,969.0
497,2330.0,1101.0
498,4299.0,3595.0
499,2235.0,3682.0
500,2376.0,1904.0
501,2096.0,3638.0
502,4117.0,3313.0
503,4479.0,1028.0
504,2020.0,3494.0
505,2674.0,3432.0
506,3995.0,4174.0
507,3512.0,4033.0
508,765.0,4768.0
509,2083.0,1138.0
510,4647.0,2719.0
511,487.0,3245.0
512,2003.0,2639.0
513,4335.0,4775.0
514,22.0,1247.0
515,3854.0,4492.0
516,3995.0,3569.0
517,837.0,4841.0
518,3633.0,4415.0
519,2134.0,1728.0
520,348.0,2778.0
521,4327.0,3759.0
522,2687.0,3560.0
523,3003.0,2037.0
524,3389.0,1490.0
525,1138.0,4229.0
526,2427.0,4622.0
527,1100.0,909.0
528,2628.0,754.0
529,3127.0,326.0
530,1446.0,2996.0
531,1902.0,3915.0
532,810.0,4911.0
533,2069.0,1697.0
534,3227.0,4879.0
535,1477.0,1050.0
536,2408.0,2949.0
537,680.0,4280.0
538,3823.0,2852.0
539,4607.0,4447.0
540,4037.0,1707.0
541,2569.0,3656.0
542,1326.0,3449.0
543,1259.0,2394.0
544,1465.0,4971.0
545,296.0,4128.0
546,2205.0,1452.0
547,81.0,3085.0
548,2534.0,665.0
549,2462.0,2009.0
550,1785.0,3012.0
551,2763.0,2574.0
552,489.0,2652.0
553,3959.0,4361.0
554,1541.0,2527.0
555,1029.0,2492.0
556,1826.0,3960.0
557,3570.0,2416.0
558,1672.0,1357.0
559,49.0,1547.0
560,4468.0,2189.0
561,2138.0,3668.0
562,302.0,196.0
563,1571.0,885.0
564,50.0,824.0
565,2124.0,3880.0
566,2624.0,1291.0
567,3434.0,424.0
568,2941.0,1374.0
569,325.0,1656.0
570,3631.0,198.0
571,411.0,3425.0
572,4882.0,3568.0
573,4347.0,1544.0
574,2035.0,1460.0
575,3812.0,3165.0
576,4835.0,1217.0
577,603.0,4842.0
578,466.0,521.0
579,424.0,1319.0
580,44.0,3851.0
581,1542.0,1382.0
582,3056.0,1964.0
583,2903.0,4559.0
584,3204.0,932.0
585,2665.0,4562.0
586,3397.0,1909.0
587,2225.0,1083.0
588,3861.0,4416.0
589,3567.0,1998.0
590,3482.0,1184.0
591,2045.0,4152.0
592,4162.0,1447.0
593,3482.0,2481.0
594,2931.0,3004.0
595,2619.0,3327.0
596,925.0,3085.0
597,762.0,2050.0
598,267.0,2674.0
599,3105.0,672.0
600,81.0,2892.0
601,94.0,2228.0
602,2615.0,4860.0
603,4800.0,4309.0
604,3705.0,3276.0
605,2337.0,659.0
606,2057.0,3513.0
607,1787.0,119.0
608,2678.0,3879.0
609,2467.0,4457.0
610,1223.0,263.0
611,3143.0,430.0
612,3600.0,3777.0
613,81.0,546.0
614,408.0,4434.0
615,4691.0,2450.0
616,3694.0,4349.0
617,1602.0,3844.0
618,268.0,4121.0
619,4559.0,3900.0
620,3790.0,4565.0
621,1612.0,3660.0
622,3069.0,3272.0
623,4650.0,144.0
624,3958.0,2076.0
625,2668.0,4167.0
626,784.0,1807.0
627,4090.0,4271.0
628,1591.0,3102.0
629,1883.0,2294.0
630,94.0,2944.0
631,300.0,4297.0
632,609.0,3272.0
633,2785.0,718.0
634,4193.0,3126.0
635,660.0,1597.0
636,2307.0,1062.0
637,4308.0,2854.0
638,4670.0,3277.0
639,4305.0,1061.0
640,1446.0,1952.0
641,1006.0,3831.0
642,505.0,4371.0
643,1667.0,2909.0
644,1689.0,2108.0
645,1415.0,2306.0
646,4602.0,4673.0
647,4272.0,903.0
648,3967.0,341.0
649,4942.0,3123.0
650,4849.0,979.0
651,2792.0,4194.0
652,3498.0,2942.0
653,2595.0,2156.0
654,2516.0,889.0
655,2143.0,143.0
656,3301.0,4358.0
657,4945.0,2665.0
658,2809.0,3330.0
659,1805.0,528.0
660,100.0,4550.0
661,4.0,4001.0
662,2302.0,829.0
663,2958.0,570.0
664,701.0,1818.0
665,4517.0,1250.0
666,4159.0,940.0
667,2279.0,73.0
668,953.0,4402.0
669,4058.0,1824.0
670,1369.0,233.0
671,4804.0,4336.0
672,1666.0,3430.0
673,4061.0,3083.0
674,3752.0,511.0
675,2674.0,2216.0
676,1959.0,1351.0
677,789.0,4601.0
678,4414.0,1720.0
679,3335.0,1108.0
680,4779.0,4118.0
681,886.0,4327.0
682,4657.0,1700.0
683,1973.0,4058.0
684,4855.0,1924.0
685,4434.0,184.0
686,2860.0,1801.0
687,3113.0,4546.0
688,2806.0,1258.0
689,4824.0,3449.0
690,3034.0,4906.0
691,1618.0,3435.0
692,1052.0,4371.0
693,23.0,3162.0
694,4283.0,4829.0
695,1491.0,2006.0
696,4002.0,4013.0
697,4579.0,2861.0
698,3508.0,4302.0
699,3495.0,4388.0
700,399.0,1419.0
701,4706.0,901.0
702,666.0,1655.0
703,911.0,4921.0
704,1737.0,3011.0
705,4839.0,4379.0
706,1512.0,229.0
707,332.0,2040.0
708,3714.0,1722.0
709,3434.0,3152.0
710,913.0,2493.0
711,370.0,4029.0
712,3029.0,1482.0
713,3707.0,1140.0
714,4154.0,1564.0
715,766.0,575.0
716,3874.0,3006.0
717,1187.0,933.0
718,1190.0,2334.0
719,4092.0,2607.0
720,1934.0,2696.0
721,2993.0,1408.0
722,2481.0,4337.0
723,4538.0,2847.0
724,3030.0,3171.0
725,4633.0,3641.0
726,254.0,2022.0
727,1685.0,4957.0
728,1844.0,3466.0
729,4270.0,4142.0
730,1147.0,4365.0
731,1244.0,3028.0
732,1576.0,2944.0
733,4872.0,3166.0
734,1141.0,3328.0
735,786.0,749.0
736,746.0,3255.0
737,4893.0,4692.0
738,4911.0,3211.0
739,4555.0,1046.0
740,92.0,4295.0
741,4666.0,2169.0
742,1242.0,244.0
743,4243.0,2980.0
744,2588.0,4469.0
745,2544.0,772.0
746,4534.0,1363.0
747,2801.0,4970.0
748,4073.0,3890.0
749,1990.0,1466.0
750,4435.0,643.0
751,4595.0,1362.0
752,4334.0,1036.0
753,2725.0,837.0
754,3768.0,1155.0
755,2440.0,2082.0
756,3151.0,552.0
757,4866.0,1744.0
758,1446.0,2748.0
759,4565.0,3956.0
760,197.0,3804.0
761,1618.0,4502.0
762,4457.0,2324.0
763,4186.0,3372.0
764,4567.0,3911.0
765,2730.0,3287.0
766,3077.0,4254.0
767,4411.0,705.0
768,1125.0,1794.0
769,4524.0,1537.0
770,440.0,4149.0
771,559.0,4366.0
772,4106.0,352.0
773,763.0,2186.0
774,3746.0,3866.0
775,2714.0,3474.0
776,1547.0,4017.0
777,2653.0,961.0
778,4947.0,4450.0
779,4147.0,729.0
780,4721.0,2236.0
781,250.0,766.0
782,4671.0,327.0
783,3850.0,4876.0
784,2675.0,1979.0
785,4598.0,4878.0
786,2921.0,4213.0
787,1111.0,1845.0
788,2382.0,3872.0
789,4604.0,4877.0
790,2033.0,2844.0
791,4077.0,4203.0
792,167.0,1821.0
793,3036.0,4790.0
794,4607.0,440.0
795,627.0,4357.0
796,3073.0,4147.0
797,4678.0,2803.0
798,2729.0,4776.0
799,3607.0,2857.0
800,3461.0,2788.0
801,1671.0,2816.0
802,1152.0,172.0
803,3884.0,3831.0
804,696.0,797.0
805,1957.0,4474.0
806,2594.0,2447.0
807,900.0,3470.0
808,833.0,4717.0
809,4521.0,1808.0
810,4073.0,440.0
811,1692.0,1455.0
812,1263.0,3268.0
813,61.0,3722.0
814,4311.0,2210.0
815,59.0,2065.0
816,531.0,1251.0
817,2658.0,258.0
818,2628.0,846.0
819,3647.0,940.0
820,797.0,2968.0
821,1865.0,3499.0
822,2509.0,570.0
823,1071.0,3416.0
824,957.0,3647.0
825,1910.0,2005.0
826,2234.0,1134.0
827,4373.0,1648.0
828,4525.0,1757.0
829,4982.0,2620.0
830,1950.0,3931.0
831,1607.0,4691.0
832,1255.0,1956.0
833,3514.0,81.0
834,835.0,3597.0
835,3826.0,2941.0
836,771.0,3402.0
837,985.0,3698.0
838,3502.0,3852.0
839,2314.0,4975.0
840,983.0,461.0
841,3732.0,271.0
842,4300.0,1860.0
843,3984.0,3942.0
844,3597.0,4938.0
845,2163.0,2280.0
846,174.0,3941.0
847,1882.0,2033.0
848,1206.0,3931.0
849,3549.0,4707.0
850,4164.0,1490.0
851,2144.0,792.0
852,298.0,3567.0
853,4082.0,4080.0
854,1053.0,1278.0
855,3243.0,2446.0
856,286.0,2548.0
857,3476.0,4587.0
858,3173.0,4960.0
859,3084.0,148.0
860,84.0,4012.0
861,2580.0,4210.0
862,3070.0,2910.0
863,3420.0,4438.0
864,3891.0,1033.0
865,3473.0,3144.0
866,743.0,534.0
867,3941.0,1110.0
868,621.0,4610.0
869,1337.0,3034.0
870,3688.0,3803.0
871,4874.0,1886.0
872,354.0,2931.0
873,1246.0,4017.0
874,880.0,165.0
875,3335.0,3507.0
876,354.0,2567.0
877,974.0,4870.0
878,1376.0,2321.0
879,2315.0,3948.0
880,3077.0,1741.0
881,581.0,4680.0
882,2474.0,4242.0
883,4069.0,2960.0
884,79.0,4976.0
885,4941.0,1760.0
886,2441.0,1258.0
887,2572.0,3820.0
888,3078.0,3395.0
889,3541.0,3053.0
890,3055.0,2482.0
891,541.0,458.0
892,4677.0,1922.0
893,502.0,1269.0
894,2438.0,4711.0
895,68.0,820.0
896,580.0,767.0
897,1427.0,548.0
898,3304.0,2875.0
899,991.0,931.0
900,4079.0,4038.0
901,1990.0,3656.0
902,4896.0,32.0
903,34.0,4003.0
904,1725.0,2134.0
905,256.0,2206.0
906,4835.0,4914.0
907,3769.0,2814.0
908,1871.0,1481.0
909,4083.0,3988.0
910,2774.0,2998.0
911,1745.0,1969.0
912,2840.0,3482.0
913,1314.0,4204.0
914,3422.0,3925.0
915,2723.0,4901.0
916,2328.0,3127.0
917,4968.0,3398.0
918,1771.0,174.0
919,694.0,2342.0
920,331.0,2817.0
921,2595.0,586.0
922,4373.0,4231.0
923,2565.0,394.0
924,2598.0,4877.0
925,139.0,1808.0
926,2247.0,1937.0
927,251.0,3974.0
928,1873.0,1502.0
929,2968.0,4057.0
930,307.0,4383.0
931,2876.0,2438.0
932,2563.0,1483.0
933,76.0,4552.0
934,2685.0,3610.0
935,236.0,1765.0
936,3183.0,104.0
937,4319.0,3933.0
938,1456.0,2560.0
939,4736.0,4846.0
940,3186.0,3019.0
941,1103.0,2626.0
942,3878.0,402.0
943,3602.0,678.0
944,913.0,1965.0
945,2992.0,1288.0
946,1380.0,1482.0
947,3931.0,994.0
948,946.0,4052.0
949,383.0,848.0
950,3694.0,1246.0
951,2902.0,1380.0
952,3754.0,2777.0
953,2579.0,1511.0
954,4224.0,579.0
955,117.0,3542.0
956,2401.0,2519.0
957,4693.0,3144.0
958,1013.0,2036.0
959,3687.0,1187.0
960,1466.0,2368.0
961,1876.0,97.0
962,215.0,2122.0
963,2951.0,1950.0
964,1916.0,4967.0
965,4671.0,3240.0
966,1058.0,3033.0
967,2569.0,4079.0
968,1923.0,1432.0
969,4799.0,779.0
970,4777.0,3669.0
971,3977.0,4874.0
972,4922.0,2922.0
973,3591.0,3277.0
974,67.0,3776.0
975,4713.0,2911.0
976,127.0,4942.0
977,2551.0,2562.0
978,279.0,258.0
979,2668.0,2862.0
980,129.0,4988.0
981,4637.0,4543.0
982,3279.0,2804.0
983,2522.0,161.0
984,3871.0,4506.0
985,3812.0,911.0
986,3435.0,2223.0
987,440.0,188.0
988,989.0,3960.0
989,1429.0,476.0
990,2383.0,4429.0
991,1133.0,2133.0
992,1978.0,459.0
993,4060.0,3027.0
994,332.0,2592.0
995,1128.0,4908.0
996,3658.0,4581.0
997,3954.0,3929.0
998,3339.0,4704.0
999,2041.0,4090.0
1000,1465.0,2552.0
1001,3399.0,1127.0
1002,222.0,1942.0
1003,2806.0,3505.0
1004,4132.0,983.0
1005,3917.0,444.0
1006,2388.0,170.0
1007,3614.0,2112.0
1008,2121.0,495.0
1009,4634.0,3164.0
1010,487.0,1400.0
1011,1050.0,485.0
1012,4372.0,2437.0
1013,3147.0,471.0
1014,3160.0,4705.0
1015,320.0,2262.0
1016,1698.0,4085.0
1017,1505.0,1243.0
1018,4190.0,3776.0
1019,2675.0,1958.0
1020,2602.0,1238.0
1021,416.0,2466.0
1022,3604.0,2788.0
1023,2173.0,187.0
1024,3446.0,4454.0
1025,3243.0,2938.0
1026,2359.0,1233.0
1027,2066.0,2320.0
1028,2176.0,3876.0
1029,2996.0,1310.0
1030,1986.0,4995.0
1031,1910.0,4654.0
1032,1797.0,4608.0
1033,4116.0,2845.0
1034,1867.0,1344.0
1035,4485.0,4999.0
1036,4523.0,2322.0
1037,1519.0,4714.0
1038,4513.0,605.0
1039,1620.0,330.0
1040,1465.0,653.0
1041,581.0,1611.0
1042,3661.0,4189.0
1043,2195.0,549.0
1044,2592.0,1258.0
1045,562.0,1710.0
1046,3228.0,4866.0
1047,1878.0,1455.0
1048,1083.0,4965.0
1049,398.0,739.0
1050,2052.0,2855.0
1051,1600.0,4195.0
1052,3467.0,2573.0
1053,1784.0,1018.0
1054,2099.0,1039.0
1055,2399.0,2206.0
1056,645.0,3852.0
1057,683.0,2706.0
1058,1720.0,1559.0
1059,4161.0,3949.0
1060,3800.0,2569.0
1061,2476.0,2879.0
1062,105.0,3450.0
1063,4815.0,1906.0
1064,995.0,2180.0
1065,1529.0,2725.0
1066,628.0,3499.0
1067,3358.0,2724.0
1068,3659.0,3085.0
1069,482.0,2086.0
1070,1205.0,48.0
1071,3474.0,3296.0
1072,4041.0,804.0
1073,4152.0,1548.0
1074,876.0,3606.0
1075,796.0,4747.0
1076,2412.0,4562.0
1077,2874.0,3618.0
1078,4293.0,4051.0
1079,3728.0,4889.0
1080,3796.0,596.0
1081,3947.0,1666.0
1082,3934.0,952.0
1083,4081.0,4808.0
1084,2685.0,2450.0
1085,772.0,4937.0
1086,522.0,4775.0
1087,4378.0,1172.0
1088,1804.0,231.0
1089,3940.0,227.0
1090,2681.0,948.0
1091,4191.0,1629.0
1092,210.0,4629.0
1093,2582.0,3396.0
1094,2919.0,4568.0
1095,4033.0,44.0
1096,205.0,1749.0
1097,996.0,4917.0
1098,4011.0,965.0
1099,1451.0,3934.0
1100,2052.0,2957.0
1101,3528.0,3234.0
1102,3263.0,433.0
1103,2724.0,4770.0
1104,4843.0,2431.0
1105,2918.0,793.0
1106,514.0,3596.0
1107,3613.0,2716.0
1108,1709.0,1786.0
1109,3735.0,4881.0
1110,3736.0,768.0
1111,807.0,4310.0
1112,1954.0,4574.0
1113,3571.0,4230.0
1114,2865.0,2102.0
1115,1628.0,2137.0
1116,1638.0,429.0
1117,3125.0,393.0
1118,639.0,1247.0
1119,1669.0,4711.0
1120,3478.0,300.0
1121,2381.0,4752.0
1122,4170.0,377.0
1123,102.0,3455.0
1124,3701.0,1773.0
1125,4045.0,2084.0
1126,785.0,4458.0
1127,939.0,3587.0
1128,4671.0,3059.0
1129,1917.0,2674.0
1130,3198.0,280.0
1131,3379.0,358.0
1132,181.0,4902.0
1133,825.0,2712.0
1134,564.0,29.0
1135,4035.0,985.0
1136,3424.0,222.0
1137,199.0,91.0
1138,2518.0,1206.0
1139,3602.0,1647.0
1140,1885.0,3203.0
1141,1621.0,3375.0
1142,3807.0,768.0
1143,51.0,2562.0
1144,983.0,733.0
1145,1386.0,3110.0
1146,2584.0,610.0
1147,1295.0,587.0
1148,1285.0,1531.0
1149,1629.0,2250.0
1150,2523.0,3418.0
1151,2939.0,4672.0
1152,1137.0,950.0
1153,102.0,1929.0
1154,4566.0,2297.0
1155,1992.0,3200.0
1156,1485.0,278.0
1157,1938.0,3345.0
1158,3301.0,2693.0
1159,2021.0,1661.0
1160,2331.0,1149.0
1161,4038.0,4238.0
1162,3364.0,2942.0
1163,4669.0,802.0
1164,908.0,1592.0
1165,1958.0,3680.0
1166,1592.0,3477.0
1167,2868.0,2963.0
1168,3539.0,1303.0
1169,4266.0,3486.0
1170,3132.0,4719.0
1171,2997.0,2971.0
1172,4729.0,433.0
1173,30.0,3768.0
1174,923.0,3064.0
1175,1353.0,128.0
1176,3281.0,4960.0
1177,445.0,285.0
1178,992.0,3555.0
1179,3553.0,2188.0
1180,446.0,2726.0
1181,1811.0,3251.0
1182,4431.0,3554.0
1183,3520.0,2990.0
1184,1996.0,4075.0
1185,1886.0,4019.0
1186,1463.0,2444.0
1187,183.0,974.0
1188,1778.0,1431.0
1189,345.0,1281.0
1190,1991.0,4516.0
1191,668.0,2953.0
1192,3381.0,2629.0
1193,4728.0,2984.0
1194,38.0,57.0
1195,3741.0,4275.0
1196,1564.0,3137.0
1197,1133.0,3944.0
1198,2224.0,1847.0
1199,1821.0,2345.0
1200,3327.0,316.0
1201,1906.0,3052.0
1202,3276.0,4195.0
1203,3505.0,4050.0
1204,1574.0,624.0
1205,4668.0,2954.0
1206,3780.0,4576.0
1207,1828.0,2358.0
1208,3289.0,4135.0
1209,2775.0,3368.0
1210,1239.0,258.0
1211,1380.0,4978.0
1212,2624.0,3406.0
1213,852.0,190.0
1214,2342.0,4535.0
1215,1609.0,3720.0
1216,4157.0,2023.0
1217,796.0,3441.0
1218,308.0,839.0
1219,4952.0,3232.0
1220,772.0,1977.0
1221,3419.0,2959.0
1222,3830.0,1064.0
1223,666.0,3009.0
1224,3709.0,3409.0
1225,2167.0,2798.0
1226,2084.0,398.0
1227,1738.0,1587.0
1228,3225.0,2463.0
1229,4289.0,4836.0
1230,2592.0,1158.0
1231,4482.0,301.0
1232,1100.0,3347.0
1233,4819.0,1184.0
1234,303.0,3365.0
1235,2629.0,2668.0
1236,1258.0,2462.0
1237,2026.0,3247.0
1238,3539.0,4069.0
1239,177.0,487.0
1240,4240.0,2208.0
1241,964.0,3279.0
1242,870.0,3206.0
1243,4262.0,179.0
1244,4457.0,4557.0
1245,4144.0,3161.0
1246,2189.0,720.0
1247,3237.0,4152.0
1248,4318.0,2245.0
1249,1917.0,645.0
1250,2180.0,2609.0
1251,2920.0,3789.0
1252,3108.0,2914.0
1253,3926.0,2018.0
1254,2888.0,4161.0
1255,4096.0,4052.0
1256,4420.0,2133.0
1257,672.0,4094.0
1258,4353.0,1533.0
1259,1387.0,3797.0
1260,2770.0,4568.0
1261,444.0,1508.0
1262,2140.0,3218.0
1263,3506.0,2541.0
1264,1304.0,177.0
1265,4322.0,2037.0
1266,1617.0,3524.0
1267,1936.0,2296.0
1268,242.0,280.0
1269,1259.0,4515.0
1270,3959.0,4387.0
1271,3266.0,1959.0
1272,2540.0,3385.0
1273,3546.0,938.0
1274,1510.0,1226.0
1275,2367.0,2623.0
1276,4622.0,2032.0
1277,1598.0,1609.0
1278,1266.0,3654.0
1279,2680.0,2135.0
1280,2834.0,2890.0
1281,1912.0,4314.0
1282,2612.0,4816.0
1283,4892.0,4562.0
1284,3137.0,4805.0
1285,769.0,4100.0
1286,30.0,163.0
1287,480.0,2232.0
1288,1252.0,388.0
1289,2005.0,1546.0
1290,576.0,2914.0
1291,4756.0,3820.0
1292,1195.0,3081.0
1293,4146.0,573.0
1294,904.0,4503.0
1295,1498.0,2210.0
1296,2060.0,1068.0
1297,4495.0,697.0
1298,1158.0,3532.0
1299,4147.0,1583.0
1300,2800.0,3009.0
1301,1229.0,3606.0
1302,634.0,708.0
1303,3935.0,141.0
1304,3021.0,1162.0
1305,3072.0,668.0
1306,3952.0,4539.0
1307,1843.0,4149.0
1308,4138.0,3876.0
1309,1020.0,4710.0
1310,4597.0,4024.0
1311,1504.0,2524.0
1312,923.0,4360.0
1313,713.0,484.0
1314,1756.0,2442.0
1315,620.0,4304.0
1316,4342.0,3071.0
1317,2843.0,302.0
1318,1960.0,880.0
1319,2672.0,3821.0
1320,3865.0,1648.0
1321,1687.0,3473.0
1322,4315.0,4686.0
1323,2678.0,2743.0
1324,3876.0,3348.0
1325,2182.0,1392.0
1326,3995.0,1260.0
1327,3440.0,997.0
1328,862.0,1705.0
1329,3867.0,4670.0
1330,33.0,355.0
1331,3962.0,2298.0
1332,16.0,3680.0
1333,2386.0,2738.0
1334,980.0,4742.0
1335,1222.0,106.0
1336,2083.0,4234.0
1337,543.0,4709.0
1338,737.0,1427.0
1339,1366.0,781.0
1340,2898.0,2516.0
1341,852.0,1463.0
1342,4592.0,1499.0
1343,4347.0,4902.0
1344,4499.0,139.0
1345,2257.0,1616.0
1346,3482.0,1707.0
1347,1084.0,2553.0
1348,4930.0,4470.0
1349,800.0,4050.0
1350,480.0,2796.0
1351,2602.0,1579.0
1352,2122.0,1959.0
1353,2063.0,584.0
1354,2632.0,4637.0
1355,46.0,2776.0
1356,3472.0,1325.0
1357,1435.0,4919.0
1358,90.0,3423.0
1359,3093.0,1171.0
1360,1466.0,4004.0
1361,4124.0,147.0
1362,508.0,2273.0
1363,2574.0,2997.0
1364,4923.0,2458.0
1365,893.0,2524.0
1366,1580.0,2935.0
1367,392.0,3958.0
1368,4524.0,3715.0
1369,3005.0,3683.0
1370,3949.0,4902.0
1371,2657.0,4217.0
1372,1483.0,2870.0
1373,2889.0,2218.0
1374,2881.0,4559.0
1375,2339.0,2015.0
1376,578.0,2164.0
1377,2987.0,2860.0
1378,3920.0,2082.0
1379,2965.0,1478.0
1380,195.0,1347.0
1381,1095.0,4321.0
1382,3454.0,845.0
1383,4391.0,705.0
1384,1970.0,3901.0
1385,2111.0,10.0
1386,4130.0,2024.0
1387,3448.0,4342.0
1388,2240.0,2209.0
1389,4488.0,2915.0
1390,3191.0,1748.0
1391,2928.0,1112.0
1392,4384.0,176.0
1393,2033.0,2531.0
1394,2892.0,2105.0
1395,4264.0,3896.0
1396,1853.0,1347.0
1397,4182.0,3562.0
1398,35.0,2358.0
1399,289.0,2209.0
1400,2196.0,1598.0
1401,2139.0,2105.0
1402,2307.0,2642.0
1403,3158.0,1941.0
1404,3553.0,485.0
1405,1354.0,1711.0
1406,4659.0,1010.0
1407,3004.0,1608.0
1408,2260.0,3738.0
1409,3877.0,3895.0
1410,2203.0,397.0
1411,3298.0,3135.0
1412,786.0,656.0
1413,218.0,2511.0
1414,1265.0,262.0
1415,1247.0,4610.0
1416,840.0,1349.0
1417,1117.0,4468.0
1418,4363.0,3601.0
1419,4626.0,1189.0
1420,4899.0,1666.0
1421,3883.0,4292.0
1422,4234.0,1532.0
1423,1487.0,2842.0
1424,3228.0,2401.0
1425,439.0,3678.0
1426,547.0,608.0
1427,226.0,1295.0
1428,3762.0,1609.0
1429,3662.0,685.0
1430,1817.0,4728.0
1431,468.0,2938.0
1432,3303.0,2699.0
1433,1896.0,3101.0
1434,4859.0,1844.0
1435,4484.0,872.0
1436,1138.0,4483.0
1437,4384.0,3748.0
1438,2529.0,2620.0
1439,4699.0,99.0
1440,2120.0,3264.0
1441,3755.0,47.0
1442,1488.0,1188.0
1443,4273.0,3879.0
1444,461.0,4938.0
1445,3057.0,1520.0
1446,3546.0,1938.0
1447,3845.0,4000.0
1448,3473.0,371.0
1449,1772.0,1785.0
1450,2541.0,2166.0
1451,1296.0,4455.0
1452,1359.0,1785.0
1453,1361.0,2086.0
1454,4127.0,4219.0
1455,2507.0,711.0
1456,3473.0,3977.0
1457,1447.0,4368.0
1458,1559.0,4307.0
1459,1511.0,1694.0
1460,1907.0,4985.0
1461,2042.0,2357.0
1462,4578.0,4115.0
1463,2904.0,228.0
1464,1315.0,1419.0
1465,2231.0,3717.0
1466,4276.0,4227.0
1467,1628.0,3472.0
1468,3802.0,4335.0
1469,4838.0,4778.0
1470,4270.0,4740.0
1471,2322.0,124.0
1472,4259.0,4125.0
1473,4166.0,3797.0
1474,151.0,346.0
1475,23.0,4299.0
1476,1081.0,677.0
1477,1511.0,1071.0
1478,3594.0,4666.0
1479,4216.0,816.0
1480,4731.0,3834.0
1481,2919.0,779.0
1482,193.0,3410.0
1483,2608.0,2963.0
1484,3196.0,2041.0
1485,756.0,4863.0
1486,4474.0,741.0
1487,3201.0,3591.0
1488,2583.0,1258.0
1489,2824.0,3346.0
1490,203.0,1550.0
1491,1936.0,1644.0
1492,1383.0,3734.0
1493,3568.0,2506.0
1494,4791.0,2697.0
1495,4128.0,4668.0
1496,4099.0,2578.0
1497,2770.0,3478.0
1498,1220.0,4589.0
1499,2644.0,4827.0
1500,1669.0,4696.0
1501,2653.0,401.0
1502,4138.0,3908.0
1503,3020.0,3281.0
1504,4748.0,1312.0
1505,4562.0,1768.0
1506,964.0,4407.0
1507,3863.0,3169.0
1508,2008.0,4119.0
1509,747.0,4874.0
1510,3653.0,851.0
1511,2640.0,2997.0
1512,3063.0,865.0
1513,4263.0,2750.0
1514,3479.0,1928.0
1515,2579.0,3748.0
1516,82.0,953.0
1517,1073.0,3328.0
1518,623.0,1291.0
1519,4374.0,37.0
1520,738.0,583.0
1521,1747.0,1714.0
1522,2374.0,4298.0
1523,4412.0,4226.0
1524,1981.0,2549.0
1525,2506.0,2179.0
1526,2988.0,5.0
1527,4849.0,3057.0
1528,4856.0,3391.0
1529,2041.0,2974.0
1530,4096.0,4413.0
1531,824.0,448.0
1532,1906.0,2576.0
1533,148.0,2568.0
1534,3871.0,593.0
1535,1796.0,2606.0
1536,1186.0,493.0
1537,1776.0,3970.0
1538,453.0,3545.0
1539,1037.0,4727.0
1540,1764.0,4632.0
1541,4093.0,1432.0
1542,264.0,4397.0
1543,3591.0,3583.0
1544,2723.0,1955.0
1545,3655.0,2162.0
1546,3587.0,3224.0
1547,323.0,508.0
1548,2100.0,3758.0
1549,1019.0,3114.0
1550,863.0,3235.0
1551,3729.0,2663.0
1552,3364.0,1901.0
1553,1427.0,1168.0
1554,3688.0,4129.0
1555,1043.0,4596.0
1556,1962.0,1515.0
1557,2953.0,4567.0
1558,2508.0,1125.0
1559,163.0,4779.0
1560,1373.0,4139.0
1561,4209.0,2353.0
1562,1393.0,3707.0
1563,593.0,3098.0
1564,1275.0,2120.0
1565,3181.0,1897.0
1566,1413.0,4271.0
1567,3857.0,2761.0
1568,3088.0,660.0
1569,269.0,1164.0
1570,3097.0,395.0
1571,4175.0,2833.0
1572,564.0,1017.0
1573,2214.0,3271.0
1574,1105.0,4410.0
1575,2050.0,3436.0
1576,3878.0,1093.0
1577,4963.0,2956.0
1578,4918.0,4498.0
1579,3385.0,2242.0
1580,4027.0,232.0
1581,1201.0,1364.0
1582,581.0,2775.0
1583,2970.0,1296.0
1584,3985.0,1687.0
1585,4152.0,1509.0
1586,1309.0,2728.0
1587,1952.0,4044.0
1588,4982.0,1408.0
1589,1145.0,3673.0
1590,2744.0,4773.0
1591,3040.0,2471.0
1592,2989.0,4619.0
1593,4236.0,2792.0
1594,4431.0,4917.0
1595,1066.0,2869.0
1596,3726.0,4782.0
1597,694.0,4171.0
1598,764.0,1636.0
1599,842.0,3629.0
1600,1370.0,3486.0
1601,166.0,2948.0
1602,3145.0,2737.0
1603,4092.0,2410.0
1604,1554.0,3552.0
1605,2789.0,4375.0
1606,4666.0,2513.0
1607,2578.0,2014.0
1608,4736.0,4818.0
1609,1699.0,3943.0
1610,2284.0,4438.0
1611,4692.0,1307.0
1612,871.0,864.0
1613,4281.0,4095.0
1614,1226.0,3083.0
1615,3677.0,1659.0
1616,4147.0,987.0
1617,4295.0,2307.0
1618,1080.0,2848.0
1619,2297.0,403.0
1620,1873.0,1293.0
1621,135.0,2707.0
1622,903.0,4489.0
1623,302.0,2654.0
1624,2011.0,3255.0
1625,4447.0,4604.0
1626,1744.0,1193.0
1627,3876.0,997.0
1628,3824.0,36.0
1629,343.0,332.0
1630,868.0,3348.0
1631,2821.0,3108.0
1632,1659.0,976.0
1633,2115.0,3751.0
1634,4833.0,3285.0
1635,4589.0,1170.0
1636,3489.0,2140.0
1637,2765.0,4375.0
1638,2963.0,384.0
1639,2413.0,32.0
1640,4227.0,3913.0
1641,1548.0,1320.0
1642,2864.0,2625.0
1643,2989.0,3381.0
1644,2051.0,3188.0
1645,3814.0,1414.0
1646,2526.0,1531.0
1647,1776.0,4160.0
1648,1509.0,1981.0
1649,1207.0,635.0
1650,1972.0,1461.0
1651,1251.0,3092.0
1652,3227.0,353.0
1653,4458.0,384.0
1654,3907.0,3068.0
1655,3836.0,1734.0
1656,4461.0,495.0
1657,2067.0,3976.0
1658,1126.0,135.0
1659,2647.0,1514.0
1660,4935.0,3726.0
1661,3830.0,2740.0
1662,872.0,767.0
1663,2549.0,4422.0
1664,4796.0,1043.0
1665,295.0,4555.0
1666,410.0,1679.0
1667,2009.0,2654.0
1668,4721.0,1280.0
1669,1280.0,2033.0
1670,3078.0,1686.0
1671,501.0,256.0
1672,1726.0,423.0
1673,1408.0,3793.0
1674,906.0,743.0
1675,632.0,3335.0
1676,1851.0,367.0
1677,3170.0,1042.0
1678,2783.0,1924.0
1679,935.0,504.0
1680,1862.0,3807.0
1681,3655.0,3275.0
1682,3934.0,3593.0
1683,1877.0,93.0
1684,4377.0,4354.0
1685,1642.0,2300.0
1686,1387.0,2031.0
1687,3932.0,3028.0
1688,3230.0,3171.0
1689,2831.0,2939.0
1690,3100.0,3967.0
1691,3833.0,4938.0
1692,3223.0,2386.0
1693,2072.0,1899.0
1694,864.0,608.0
1695,2430.0,2209.0
1696,1401.0,2106.0
1697,1065.0,821.0
1698,4264.0,3948.0
1699,1575.0,4174.0
1700,2717.0,1187.0
1701,4458.0,4964.0
1702,513.0,350.0
1703,4817.0,4391.0
1704,2013.0,2524.0
1705,2326.0,1794.0
1706,4995.0,1265.0
1707,4551.0,3689.0
1708,4305.0,1638.0
1709,1839.0,3265.0
1710,4361.0,1382.0
1711,2721.0,3914.0
1712,559.0,120.0
1713,4164.0,2049.0
1714,2396.0,2335.0
1715,4627.0,3153.0
1716,4479.0,1177.0
1717,2691.0,2460.0
1718,2880.0,4503.0
1719,1902.0,1507.0
1720,4307.0,1805.0
1721,3266.0,1141.0
1722,2545.0,649.0
1723,1387.0,4424.0
1724,3096.0,3352.0
1725,4334.0,3523.0
1726,2978.0,4661.0
1727,1089.0,4808.0
1728,4269.0,1143.0
1729,182.0,321.0
1730,3346.0,814.0
1731,1636.0,2824.0
1732,2279.0,1591.0
1733,4552.0,3239.0
1734,1695.0,3146.0
1735,3059.0,3180.0
1736,3497.0,4257.0
1737,748.0,770.0
1738,446.0,4322.0
1739,3069.0,4189.0
1740,3100.0,3855.0
1741,1240.0,4837.0
1742,2933.0,2973.0
1743,3921.0,3110.0
1744,3459.0,4825.0
1745,1081.0,4454.0
1746,4047.0,1035.0
1747,2263.0,2485.0
1748,4666.0,2385.0
1749,2243.0,1505.0
1750,2605.0,2861.0
1751,4506.0,2375.0
1752,4053.0,644.0
1753,3175.0,3196.0
1754,1992.0,3348.0
1755,4666.0,2184.0
1756,3404.0,936.0
1757,2904.0,4971.0
1758,826.0,1212.0
1759,1143.0,4144.0
1760,2810.0,1056.0
1761,2404.0,1916.0
1762,2378.0,4997.0
1763,3258.0,2267.0
1764,1766.0,798.0
1765,4544.0,2954.0
1766,320.0,668.0
1767,1082.0,4246.0
1768,2570.0,4647.0
1769,3616.0,4683.0
1770,1016.0,3198.0
1771,1564.0,4777.0
1772,256.0,3346.0
1773,2192.0,4416.0
1774,3667.0,4397.0
1775,3835.0,2095.0
1776,3516.0,1414.0
1777,3605.0,695.0
1778,4708.0,1631.0
1779,1796.0,2073.0
1780,252.0,1078.0
1781,659.0,3046.0
1782,4494.0,4399.0
1783,202.0,1421.0
1784,582.0,4547.0
1785,1864.0,2027.0
1786,2725.0,3835.0
1787,2676.0,3288.0
1788,4877.0,2148.0
1789,2950.0,3689.0
1790,1943.0,4203.0
1791,985.0,1083.0
1792,1556.0,1714.0
1793,2478.0,4547.0
1794,3252.0,4849.0
1795,2993.0,4964.0
1796,4526.0,839.0
1797,1868.0,4357.0
1798,3460.0,4789.0
1799,334.0,53.0
1800,1808.0,1802.0
1801,2332.0,600.0
1802,3335.0,756.0
1803,1231.0,1101.0
1804,2771.0,973.0
1805,4482.0,714.0
1806,92.0,4229.0
1807,155.0,2156.0
1808,2964.0,1081.0
1809,4760.0,3857.0
1810,1745.0,3262.0
1811,827.0,4706.0
1812,157.0,4495.0
1813,1672.0,1174.0
1814,2298.0,4600.0
1815,534.0,2936.0
1816,1348.0,1642.0
1817,1782.0,4109.0
1818,2081.0,2710.0
1819,3562.0,181.0
1820,4118.0,4810.0
1821,4551.0,2843.0
1822,1453.0,1034.0
1823,2669.0,1807.0
1824,3686.0,1531.0
1825,2154.0,2054.0
1826,3201.0,1363.0
1827,4612.0,3280.0
1828,4883.0,3888.0
1829,4823.0,2734.0
1830,2358.0,216.0
1831,3329.0,2103.0
1832,1230.0,2957.0
1833,2929.0,1928.0
1834,2858.0,1768.0
1835,2999.0,2879.0
1836,2202.0,4001.0
1837,183.0,203.0
1838,1170.0,4622.0
1839,574.0,148.0
1840,2221.0,384.0
1841,2958.0,4396.0
1842,3107.0,4827.0
1843,3824.0,1903.0
1844,3507.0,4582.0
1845,4812.0,3187.0
1846,1381.0,3871.0
1847,1552.0,1404.0
1848,976.0,2961.0
1849,1331.0,1541.0
1850,1936.0,3896.0
1851,1796.0,4441.0
1852,4853.0,259.0
1853,3234.0,1429.0
1854,4462.0,241.0
1855,2322.0,2708.0
1856,3843.0,2.0
1857,337.0,1101.0
1858,4572.0,2906.0
1859,4395.0,2870.0
1860,137.0,4252.0
1861,960.0,2824.0
1862,2403.0,4588.0
1863,2374.0,2455.0
1864,4601.0,2072.0
1865,1430.0,4533.0
1866,4374.0,3585.0
1867,3445.0,3943.0
1868,948.0,1511.0
1869,234.0,2855.0
1870,4615.0,4985.0
1871,2295.0,2130.0
1872,4353.0,1552.0
1873,3079.0,4532.0
1874,1695.0,2100.0
1875,1584.0,3626.0
1876,3905.0,1593.0
1877,2134.0,312.0
1878,3859.0,2649.0
1879,2632.0,4369.0
1880,1932.0,4546.0
1881,1421.0,274.0
1882,2688.0,4369.0
1883,516.0,1820.0
1884,1237.0,3249.0
1885,926.0,1478.0
1886,4602.0,2710.0
1887,3254.0,1965.0
1888,3065.0,2621.0
1889,3232.0,4088.0
1890,3734.0,390.0
1891,1207.0,4935.0
1892,4263.0,327.0
1893,1270.0,4260.0
1894,3883.0,3275.0
1895,424.0,2562.0
1896,2374.0,1468.0
1897,3453.0,254.0
1898,3357.0,4908.0
1899,703.0,133.0
1900,3079.0,995.0
1901,959.0,685.0
1902,2766.0,4248.0
1903,1570.0,34.0
1904,4228.0,4592.0
1905,397.0,671.0
1906,4468.0,1896.0
1907,756.0,678.0
1908,4305.0,1347.0
1909,4746.0,1444.0
1910,2589.0,360.0
1911,4278.0,4934.0
1912,3420.0,1874.0
1913,3903.0,131.0
1914,2457.0,3061.0
1915,4393.0,4000.0
1916,2831.0,1733.0
1917,4353.0,2435.0
1918,683.0,2251.0
1919,2249.0,4550.0
1920,4457.0,24.0
1921,3002.0,2167.0
1922,1187.0,2209.0
1923,3975.0,2971.0
1924,4615.0,2309.0
1925,3874.0,2989.0
1926,3798.0,2927.0
1927,1868.0,315.0
1928,4115.0,769.0
1929,2928.0,841.0
1930,2307.0,1875.0
1931,1990.0,1946.0
1932,4345.0,3232.0
1933,749.0,1870.0
1934,595.0,4951.0
1935,2285.0,1575.0
1936,1131.0,1081.0
1937,3283.0,591.0
1938,997.0,168.0
1939,3743.0,4128.0
1940,1553.0,2380.0
1941,1305.0,4610.0
1942,3094.0,3510.0
1943,1356.0,3285.0
1944,2356.0,3414.0
1945,2033.0,4338.0
1946,1284.0,3670.0
1947,2135.0,1192.0
1948,1405.0,1750.0
1949,1442.0,69.0
1950,3107.0,4307.0
1951,3793.0,681.0
1952,1964.0,1112.0
1953,2055.0,2737.0
1954,2342.0,156.0
1955,4099.0,2284.0
1956,822.0,847.0
1957,2249.0,3982.0
1958,2445.0,4728.0
1959,2685.0,4592.0
1960,1801.0,2239.0
1961,278.0,3967.0
1962,744.0,2808.0
1963,1053.0,3648.0
1964,171.0,1371.0
1965,1638.0,4520.0
1966,4470.0,137.0
1967,3642.0,3996.0
1968,531.0,2052.0
1969,3195.0,2434.0
1970,4947.0,1355.0
1971,278.0,2393.0
1972,18.0,2729.0
1973,3953.0,4311.0
1974,4766.0,3086.0
1975,4269.0,2312.0
1976,4555.0,1104.0
1977,1127.0,3584.0
1978,1860.0,3147.0
1979,2430.0,1353.0
1980,3627.0,3100.0
1981,4191.0,478.0
1982,580.0,3642.0
1983,806.0,4466.0
1984,3201.0,1952.0
1985,2538.0,313.0
1986,2711.0,427.0
1987,1003.0,3999.0
1988,2509.0,3359.0
1989,2918.0,1721.0
1990,3171.0,1548.0
1991,4233.0,2918.0
1992,1088.0,3983.0
1993,3038.0,1214.0
1994,4753.0,1353.0
1995,1053.0,2468.0
1996,3962.0,179.0
1997,1712.0,2342.0
1998,649.0,1246.0
1999,1341.0,4689.0
2000,3196.0,3512.0
2001,2896.0,3747.0
2002,4187.0,4820.0
2003,2133.0,2001.0
2004,4671.0,1467.0
2005,4621.0,4094.0
2006,3719.0,4395.0
2007,6.0,2191.0
2008,16.0,1830.0
2009,1777.0,344.0
2010,1044.0,4287.0
2011,4590.0,1090.0
2012,2451.0,115.0
2013,1268.0,3011.0
2014,1071.0,1110.0
2015,2674.0,3470.0
2016,4497.0,484.0
2017,4993.0,832.0
2018,2871.0,624.0
2019,4273.0,466.0
2020,3452.0,1269.0
2021,390.0,272.0
2022,433.0,3672.0
2023,2434.0,4039.0
2024,4109.0,4550.0
2025,820.0,636.0
2026,4650.0,25.0
2027,764.0,2686.0
2028,2026.0,2417.0
2029,2195.0,105.0
2030,4150.0,1296.0
2031,1092.0,247.0
2032,4364.0,2727.0
2033,3934.0,1529.0
2034,4591.0,4018.0
2035,3363.0,4732.0
2036,4881.0,4590.0
2037,4605.0,318.0
2038,1038.0,330.0
2039,2478.0,193.0
2040,2595.0,954.0
2041,2001.0,2068.0
2042,1715.0,4092.0
2043,381.0,1103.0
2044,2380.0,3702.0
2045,2764.0,4222.0
2046,22.0,3989.0
2047,1483.0,1473.0
2048,3449.0,2533.0
2049,2696.0,539.0
2050,4071.0,945.0
2051,177.0,991.0
2052,1181.0,850.0
2053,383.0,2624.0
2054,2061.0,4848.0
2055,1925.0,198.0
2056,3750.0,1593.0
2057,3571.0,1708.0
2058,4363.0,2004.0
2059,4089.0,761.0
2060,4429.0,4921.0
2061,3437.0,4201.0
2062,3138.0,1921.0
2063,3981.0,2222.0
2064,1172.0,4251.0
2065,2609.0,2434.0
2066,2340.0,3051.0
2067,1609.0,4739.0
2068,1516.0,1234.0
2069,3194.0,3767.0
2070,1667.0,14.0
2071,4649.0,165.0
2072,1576.0,499.0
2073,3346.0,4816.0
2074,1687.0,1941.0
2075,4364.0,228.0
2076,4253.0,3814.0
2077,296.0,3843.0
2078,964.0,4872.0
2079,401.0,4385.0
2080,4282.0,1884.0
2081,4205.0,1576.0
2082,888.0,2986.0
2083,4640.0,3154.0
2084,2823.0,2239.0
2085,2771.0,2937.0
2086,477.0,4383.0
2087,629.0,4802.0
2088,4208.0,4790.0
2089,2302.0,2889.0
2090,3876.0,1802.0
2091,3487.0,505.0
2092,3849.0,75.0
2093,1859.0,3680.0
2094,2652.0,4379.0
2095,6.0,1167.0
2096,2825.0,1529.0
2097,4625.0,128.0
2098,2839.0,196.0
2099,3932.0,2.0
2100,102.0,745.0
2101,2050.0,4884.0
2102,228.0,4715.0
2103,3573.0,4980.0
2104,2746.0,4547.0
2105,3988.0,2744.0
2106,3571.0,630.0
2107,953.0,3225.0
2108,1280.0,4923.0
2109,4396.0,976.0
2110,695.0,4390.0
2111,612.0,2069.0
2112,935.0,4615.0
2113,491.0,3726.0
2114,4821.0,4473.0
2115,721.0,4539.0
2116,4988.0,4501.0
2117,4522.0,4793.0
2118,1401.0,3012.0
2119,2152.0,2042.0
2120,3552.0,4126.0
2121,2156.0,2649.0
2122,2067.0,99.0
2123,2191.0,372.0
2124,1099.0,3182.0
2125,3332.0,3073.0
2126,3412.0,3733.0
2127,2410.0,4583.0
2128,783.0,4760.0
2129,536.0,2035.0
2130,9.0,4673.0
2131,484.0,4696.0
2132,3055.0,3850.0
2133,2247.0,2512.0
2134,436.0,4738.0
2135,1763.0,4388.0
2136,3555.0,4782.0
2137,1228.0,248.0
2138,2073.0,4274.0
2139,4236.0,3659.0
2140,1317.0,4788.0
2141,2362.0,2470.0
2142,3761.0,4551.0
2143,456.0,3239.0
2144,2123.0,286.0
2145,4634.0,34.0
2146,2871.0,4790.0
2147,1299.0,1464.0
2148,3439.0,2926.0
2149,1062.0,4201.0
2150,2751.0,1089.0
2151,1672.0,4118.0
2152,2921.0,4259.0
2153,3928.0,1247.0
2154,796.0,4488.0
2155,4521.0,502.0
2156,77.0,2203.0
2157,2445.0,85.0
2158,78.0,4393.0
2159,1027.0,3127.0
2160,4285.0,1169.0
2161,651.0,1691.0
2162,1993.0,1715.0
2163,3337.0,356.0
2164,506.0,1340.0
2165,2841.0,677.0
2166,2253.0,4561.0
2167,770.0,4054.0
2168,3776.0,4257.0
2169,472.0,1980.0
2170,1394.0,2155.0
2171,3965.0,834.0
2172,304.0,2081.0
2173,3196.0,4176.0
2174,4873.0,1748.0
2175,4478.0,1802.0
2176,1924.0,2143.0
2177,1429.0,3871.0
2178,4748.0,1636.0
2179,2521.0,2974.0
2180,3064.0,4414.0
2181,4131.0,4366.0
2182,3617.0,1048.0
2183,1203.0,1239.0
2184,1020.0,3783.0
2185,993.0,2072.0
2186,4577.0,479.0
2187,2927.0,4635.0
2188,4874.0,4607.0
2189,2893.0,4665.0
2190,1386.0,4698.0
2191,1403.0,3324.0
2192,2292.0,4935.0
2193,4551.0,4410.0
2194,1292.0,1350.0
2195,1916.0,2164.0
2196,2473.0,4313.0
2197,950.0,4262.0
2198,1405.0,1127.0
2199,2220.0,2972.0
2200,3399.0,206.0
2201,3117.0,410.0
2202,1511.0,4732.0
2203,1930.0,527.0
2204,4338.0,1153.0
2205,911.0,74.0
2206,704.0,4263.0
2207,1058.0,1213.0
2208,4430.0,1852.0
2209,4722.0,539.0
2210,1651.0,4226.0
2211,4002.0,2876.0
2212,235.0,2614.0
2213,1987.0,2228.0
2214,1312.0,1242.0
2215,4139.0,4735.0
2216,3016.0,4956.0
2217,3943.0,1858.0
2218,1242.0,311.0
2219,4147.0,4070.0
2220,82.0,1048.0
2221,1163.0,214.0
2222,2506.0,3451.0
2223,2492.0,1031.0
2224,2747.0,1793.0
2225,718.0,4058.0
2226,1451.0,2072.0
2227,35.0,2775.0
2228,1975.0,4600.0
2229,4172.0,3917.0
2230,1658.0,31.0
2231,2061.0,1144.0
2232,2402.0,415.0
2233,4192.0,4051.0
2234,2117.0,2915.0
2235,1257.0,2611.0
2236,271.0,4525.0
2237,4010.0,2255.0
2238,4843.0,2243.0
2239,2253.0,160.0
2240,2922.0,366.0
2241,1980.0,4870.0
2242,2751.0,4947.0
2243,4544.0,2570.0
2244,993.0,3172.0
2245,234.0,3764.0
2246,4411.0,4517.0
2247,2954.0,35.0
2248,1657.0,1025.0
2249,2990.0,3109.0
2250,4784.0,2028.0
2251,3279.0,141.0
2252,1970.0,1093.0
2253,806.0,1103.0
2254,3184.0,1792.0
2255,4740.0,2246.0
2256,439.0,1455.0
2257,3332.0,4949.0
2258,412.0,255.0
2259,2925.0,592.0
2260,4504.0,4035.0
2261,3296.0,1510.0
2262,1243.0,3291.0
2263,4417.0,3707.0
2264,1858.0,314.0
2265,4825.0,1272.0
2266,1960.0,4145.0
2267,1055.0,2295.0
2268,3925.0,1431.0
2269,3677.0,1964.0
2270,1109.0,1315.0
2271,352.0,931.0
2272,2693.0,4959.0
2273,2153.0,1633.0
2274,3779.0,70.0
2275,3567.0,3859.0
2276,1940.0,860.0
2277,3968.0,2903.0
2278,1299.0,2091.0
2279,4917.0,4839.0
2280,2296.0,565.0
2281,2918.0,1882.0
2282,3591.0,2872.0
2283,827.0,859.0
2284,1638.0,6.0
2285,99.0,2471.0
2286,3520.0,3904.0
2287,4927.0,4541.0
2288,643.0,2556.0
2289,1455.0,2085.0
2290,600.0,2580.0
2291,432.0,3295.0
2292,681.0,2097.0
2293,2058.0,1699.0
2294,3501.0,2531.0
2295,687.0,3669.0
2296,621.0,1103.0
2297,4861.0,4000.0
2298,1350.0,4465.0
2299,31.0,1881.0
2300,2985.0,1103.0
2301,2938.0,4302.0
2302,1524.0,1766.0
2303,4679.0,861.0
2304,995.0,2707.0
2305,1603.0,962.0
2306,4167.0,984.0
2307,4044.0,849.0
2308,2791.0,3902.0
2309,3668.0,4116.0
2310,4732.0,2050.0
2311,2006.0,4531.0
2312,1216.0,2889.0
2313,1793.0,3718.0
2314,2351.0,2486.0
2315,3444.0,3407.0
2316,2936.0,3710.0
2317,2701.0,2557.0
2318,4582.0,2941.0
2319,3558.0,323.0
2320,2618.0,1390.0
2321,2581.0,243.0
2322,1776.0,861.0
2323,1510.0,1517.0
2324,3158.0,497.0
2325,518.0,2251.0
2326,2259.0,4019.0
2327,4422.0,1958.0
2328,4438.0,1226.0
2329,2588.0,3030.0
2330,1836.0,2733.0
2331,4787.0,1008.0
2332,1215.0,3865.0
2333,4761.0,3282.0
2334,375.0,1373.0
2335,1604.0,4337.0
2336,925.0,1588.0
2337,2541.0,2581.0
2338,1963.0,2874.0
2339,2401.0,4663.0
2340,3086.0,454.0
2341,3796.0,3571.0
2342,2187.0,4339.0
2343,906.0,4926.0
2344,533.0,1956.0
2345,542.0,2791.0
2346,660.0,2574.0
2347,965.0,1516.0
2348,2476.0,3854.0
2349,3.0,4339.0
2350,2633.0,2463.0
2351,3699.0,3650.0
2352,3969.0,3311.0
2353,493.0,620.0
2354,237.0,2932.0
2355,4114.0,1209.0
2356,1146.0,3151.0
2357,1640.0,1011.0
2358,930.0,4016.0
2359,4709.0,2838.0
2360,2397.0,4353.0
2361,127.0,2885.0
2362,3659.0,3169.0
2363,3734.0,4540.0
2364,510.0,3374.0
2365,1834.0,1991.0
2366,3395.0,4315.0
2367,4577.0,3045.0
2368,3008.0,3817.0
2369,742.0,4833.0
2370,4080.0,1870.0
2371,1968.0,362.0
2372,597.0,3473.0
2373,3314.0,2970.0
2374,87.0,2277.0
2375,3626.0,272.0
2376,374.0,1703.0
2377,4312.0,4260.0
2378,2214.0,3780.0
2379,3434.0,4559.0
2380,4143.0,882.0
2381,1842.0,748.0
2382,1238.0,787.0
2383,195.0,1571.0
2384,607.0,822.0
2385,4503.0,4442.0
2386,226.0,3477.0
2387,3432.0,1769.0
2388,955.0,401.0
2389,2430.0,3009.0
2390,2027.0,2895.0
2391,2865.0,637.0
2392,4738.0,1969.0
2393,309.0,4733.0
2394,316.0,2683.0
2395,4755.0,548.0
2396,191.0,1992.0
2397,3487.0,1465.0
2398,682.0,4868.0
2399,513.0,4754.0
2400,4875.0,143.0
2401,2153.0,3541.0
2402,2861.0,1001.0
2403,3849.0,3694.0
2404,27.0,2786.0
2405,869.0,2922.0
2406,145.0,1007.0
2407,498.0,439.0
2408,2831.0,3221.0
2409,3758.0,4931.0
2410,4762.0,4914.0
2411,4993.0,2823.0
2412,686.0,1437.0
2413,2674.0,3775.0
2414,3714.0,482.0
2415,1144.0,2874.0
2416,397.0,4619.0
2417,4551.0,1226.0
2418,866.0,3738.0
2419,4388.0,328.0
2420,1470.0,3493.0
2421,3028.0,4217.0
2422,3343.0,649.0
2423,2747.0,3926.0
2424,3838.0,692.0
2425,2280.0,4078.0
2426,294.0,1547.0
2427,1744.0,3329.0
2428,847.0,2187.0
2429,1786.0,4500.0
2430,1312.0,1192.0
2431,4090.0,2048.0
2432,3275.0,767.0
2433,423.0,4432.0
2434,747.0,1411.0
2435,764.0,3422.0
2436,2404.0,1673.0
2437,2870.0,269.0
2438,2164.0,2149.0
2439,386.0,3868.0
2440,2430.0,164.0
2441,2667.0,2799.0
2442,4804.0,3369.0
2443,1839.0,1220.0
2444,406.0,4652.0
2445,3976.0,145.0
2446,3753.0,3666.0
2447,947.0,4927.0
2448,3897.0,3707.0
2449,1275.0,2603.0
2450,3281.0,4697.0
2451,3096.0,4144.0
2452,1933.0,2694.0
2453,3600.0,488.0
2454,1159.0,227.0
2455,4801.0,541.0
2456,3948.0,2213.0
2457,3052.0,3249.0
2458,3984.0,3115.0
2459,3528.0,4711.0
2460,638.0,2659.0
2461,4387.0,3181.0
2462,2002.0,2248.0
2463,311.0,1127.0
2464,694.0,1560.0
2465,4202.0,3362.0
2466,4570.0,3789.0
2467,2185.0,403.0
2468,4589.0,3642.0
2469,2199.0,3201.0
2470,275.0,4479.0
2471,3102.0,1417.0
2472,2495.0,986.0
2473,1718.0,3428.0
2474,830.0,4689.0
2475,3896.0,2260.0
2476,4857.0,3591.0
2477,145.0,419.0
2478,4917.0,3215.0
2479,4472.0,1348.0
2480,952.0,4014.0
2481,78.0,2561.0
2482,2956.0,3981.0
2483,2698.0,900.0
2484,1687.0,1253.0
2485,4515.0,4470.0
2486,1867.0,4103.0
2487,4035.0,4774.0
2488,627.0,420.0
2489,1620.0,690.0
2490,40.0,604.0
2491,1846.0,2755.0
2492,1520.0,1505.0
2493,852.0,4106.0
2494,4592.0,571.0
2495,2745.0,1667.0
2496,3171.0,4689.0
2497,2619.0,3041.0
2498,1058.0,366.0
2499,4161.0,2434.0
2500,4159.0,2926.0
2501,2510.0,4574.0
2502,652.0,1511.0
2503,3007.0,1754.0
2504,4956.0,1670.0
2505,1190.0,2278.0
2506,3807.0,3191.0
2507,4621.0,156.0
2508,4994.0,4325.0
2509,2810.0,476.0
2510,969.0,104.0
2511,363.0,4574.0
2512,2770.0,1205.0
2513,3516.0,1884.0
2514,1623.0,3637.0
2515,2505.0,3695.0
2516,4105.0,269.0
2517,208.0,410.0
2518,3382.0,2054.0
2519,4244.0,2959.0
2520,3251.0,1292.0
2521,1124.0,3262.0
2522,1839.0,3667.0
2523,840.0,591.0
2524,3834.0,874.0
2525,540.0,2303.0
2526,2416.0,2419.0
2527,1501.0,3559.0
2528,4119.0,4791.0
2529,3899.0,3803.0
2530,3083.0,2587.0
2531,1739.0,2990.0
2532,1485.0,1036.0
2533,3404.0,876.0
2534,4213.0,2228.0
2535,3366.0,4512.0
2536,1342.0,4191.0
2537,1435.0,2993.0
2538,3150.0,844.0
2539,4135.0,1735.0
2540,45.0,4789.0
2541,1710.0,2459.0
2542,2626.0,959.0
2543,3377.0,1249.0
2544,1647.0,3359.0
2545,1200.0,2565.0
2546,3128.0,3584.0
2547,1564.0,730.0
2548,3428.0,1396.0
2549,1030.0,3281.0
2550,4535.0,1340.0
2551,300.0,3476.0
2552,1233.0,3147.0
2553,3628.0,547.0
2554,3196.0,2098.0
2555,4844.0,4716.0
2556,1129.0,3900.0
2557,2539.0,1782.0
2558,2543.0,4070.0
2559,1670.0,4226.0
2560,2801.0,3987.0
2561,4742.0,367.0
2562,3837.0,3540.0
2563,1876.0,448.0
2564,549.0,1074.0
2565,3594.0,4646.0
2566,2214.0,2081.0
2567,280.0,1003.0
2568,305.0,4009.0
2569,1771.0,713.0
2570,1159.0,2683.0
2571,249.0,4378.0
2572,3957.0,4270.0
2573,2250.0,2160.0
2574,2010.0,4992.0
2575,2813.0,2428.0
2576,4734.0,4725.0
2577,2856.0,3482.0
2578,2650.0,3447.0
2579,2415.0,4062.0
2580,19.0,4983.0
2581,3443.0,3373.0
2582,1268.0,4020.0
2583,2916.0,3503.0
2584,1071.0,2164.0
2585,2081.0,3952.0
2586,1526.0,1039.0
2587,3926.0,1964.0
2588,3608.0,24.0
2589,613.0,3168.0
2590,2288.0,1167.0
2591,3933.0,1344.0
2592,1456.0,1524.0
2593,4291.0,3282.0
2594,532.0,3093.0
2595,3896.0,3470.0
2596,884.0,2575.0
2597,4598.0,551.0
2598,4345.0,218.0
2599,3161.0,2175.0
2600,4252.0,1125.0
2601,1450.0,54.0
2602,3059.0,4955.0
2603,64.0,2988.0
2604,288.0,3297.0
2605,4064.0,1023.0
2606,912.0,1853.0
2607,1211.0,2929.0
2608,1544.0,3141.0
2609,609.0,1058.0
2610,2508.0,3270.0
2611,3927.0,3233.0
2612,4277.0,4274.0
2613,2440.0,3921.0
2614,2793.0,3893.0
2615,2223.0,1970.0
2616,4816.0,4244.0
2617,3043.0,2744.0
2618,3668.0,1798.0
2619,4967.0,715.0
2620,2521.0,311.0
2621,1240.0,315.0
2622,1509.0,4203.0
2623,2946.0,3492.0
2624,4856.0,1664.0
2625,3435.0,859.0
2626,1847.0,2470.0
2627,338.0,1015.0
2628,2783.0,1842.0
2629,2433.0,1793.0
2630,4399.0,3916.0
2631,3338.0,2554.0
2632,2182.0,2195.0
2633,4579.0,2885.0
2634,2804.0,3525.0
2635,3043.0,4469.0
2636,683.0,1263.0
2637,928.0,2828.0
2638,2953.0,3552.0
2639,1335.0,647.0
2640,558.0,190.0
2641,4631.0,4100.0
2642,4310.0,1190.0
2643,3508.0,4343.0
2644,1113.0,3483.0
2645,1420.0,4066.0
2646,2271.0,441.0
2647,1081.0,4205.0
2648,2117.0,316.0
2649,3023.0,2421.0
2650,3825.0,3797.0
2651,4232.0,2318.0
2652,4218.0,3226.0
2653,2424.0,53.0
2654,4230.0,442.0
2655,2303.0,4746.0
2656,1477.0,2732.0
2657,845.0,4108.0
2658,239.0,185.0
2659,4904.0,1232.0
2660,1767.0,4101.0
2661,2519.0,3909.0
2662,3829.0,4554.0
2663,996.0,3.0
2664,3764.0,3873.0
2665,890.0,2294.0
2666,3551.0,3683.0
2667,4942.0,1056.0
2668,795.0,1046.0
2669,4107.0,4152.0
2670,2762.0,1994.0
2671,4987.0,4112.0
2672,1527.0,2745.0
2673,6.0,401.0
2674,3114.0,1169.0
2675,2215.0,1492.0
2676,3203.0,4886.0
2677,4402.0,2715.0
2678,3767.0,1536.0
2679,2999.0,4572.0
2680,3003.0,3355.0
2681,2403.0,2614.0
2682,4543.0,4074.0
2683,1048.0,143.0
2684,1380.0,4725.0
2685,3083.0,2453.0
2686,360.0,4624.0
2687,1537.0,111.0
2688,1794.0,1919.0
2689,4271.0,1589.0
2690,3782.0,2469.0
2691,1494.0,1855.0
2692,2953.0,4481.0
2693,1517.0,3887.0
2694,3321.0,3991.0
2695,2008.0,2924.0
2696,4471.0,407.0
2697,2357.0,4881.0
2698,3382.0,1346.0
2699,2922.0,799.0
2700,297.0,3254.0
2701,236.0,2855.0
2702,1944.0,2273.0
2703,1477.0,2295.0
2704,2067.0,1772.0
2705,3245.0,1188.0
2706,341.0,3030.0
2707,3554.0,4240.0
2708,4230.0,3421.0
2709,2351.0,2644.0
2710,3313.0,118.0
2711,4857.0,1474.0
2712,4080.0,2095.0
2713,2671.0,4841.0
2714,3206.0,4936.0
2715,127.0,1091.0
2716,949.0,3958.0
2717,3986.0,492.0
2718,4763.0,37.0
2719,4290.0,2185.0
2720,2812.0,1986.0
2721,3024.0,536.0
2722,59.0,2704.0
2723,700.0,1800.0
2724,4125.0,4597.0
2725,2733.0,4203.0
2726,3982.0,4682.0
2727,4170.0,3310.0
2728,2534.0,3701.0
2729,3268.0,4948.0
2730,2138.0,86.0
2731,1762.0,2683.0
2732,2874.0,4547.0
2733,5.0,2235.0
2734,3372.0,447.0
2735,3404.0,583.0
2736,1288.0,3067.0
2737,2862.0,4578.0
2738,1152.0,973.0
2739,3277.0,374.0
2740,2882.0,4042.0
2741,55.0,4927.0
2742,3109.0,4649.0
2743,3887.0,3414.0
2744,4094.0,173.0
2745,2024.0,1993.0
2746,262.0,283.0
2747,1469.0,2556.0
2748,346.0,4053.0
2749,1505.0,4597.0
2750,3059.0,2928.0
2751,4821.0,3942.0
2752,771.0,1779.0
2753,1961.0,4588.0
2754,2905.0,4076.0
2755,2154.0,659.0
2756,201.0,2183.0
2757,3350.0,1274.0
2758,4420.0,4878.0
2759,23.0,3575.0
2760,2517.0,4803.0
2761,3551.0,2883.0
2762,3408.0,3096.0
2763,4916.0,3691.0
2764,2957.0,2686.0
2765,3787.0,1829.0
2766,4171.0,3814.0
2767,3796.0,231.0
2768,4550.0,3853.0
2769,2670.0,4438.0
2770,1043.0,4460.0
2771,3464.0,3025.0
2772,3479.0,409.0
2773,2958.0,2201.0
2774,2638.0,1428.0
2775,4535.0,1632.0
2776,2613.0,2652.0
2777,458.0,3565.0
2778,1998.0,79.0
2779,2000.0,4394.0
2780,2274.0,768.0
2781,4506.0,1976.0
2782,2659.0,4065.0
2783,1377.0,2632.0
2784,1035.0,1309.0
2785,3598.0,1703.0
2786,1402.0,4580.0
2787,4709.0,1372.0
2788,1734.0,3512.0
2789,371.0,1213.0
2790,3806.0,585.0
2791,1537.0,1209.0
2792,4744.0,2817.0
2793,2996.0,471.0
2794,4545.0,1380.0
2795,2768.0,458.0
2796,1528.0,4803.0
2797,3917.0,4685.0
2798,1218.0,3723.0
2799,2645.0,4042.0
2800,2394.0,998.0
2801,1643.0,34.0
2802,2366.0,2626.0
2803,1341.0,3308.0
2804,1580.0,1332.0
2805,2499.0,1634.0
2806,4206.0,2626.0
2807,3020.0,2952.0
2808,3019.0,459.0
2809,977.0,1584.0
2810,4664.0,401.0
2811,3868.0,779.0
2812,3504.0,2946.0
2813,4896.0,226.0
2814,521.0,944.0
2815,669.0,2821.0
2816,1170.0,3532.0
2817,4983.0,459.0
2818,1976.0,3006.0
2819,1244.0,1284.0
2820,449.0,3582.0
2821,1398.0,2485.0
2822,2545.0,66.0
2823,2059.0,1536.0
2824,719.0,629.0
2825,2069.0,2001.0
2826,859.0,2331.0
2827,284.0,4703.0
2828,517.0,1336.0
2829,2272.0,411.0
2830,1837.0,2572.0
2831,2683.0,2449.0
2832,1588.0,4454.0
2833,400.0,3200.0
2834,4105.0,2569.0
2835,4922.0,1934.0
2836,2630.0,1550.0
2837,2918.0,1868.0
2838,4895.0,1362.0
2839,4823.0,148.0
2840,3976.0,3764.0
2841,2867.0,1627.0
2842,2441.0,3942.0
2843,1365.0,248.0
2844,348.0,2946.0
2845,3819.0,465.0
2846,1280.0,4071.0
2847,4314.0,4709.0
2848,1375.0,3366.0
2849,1165.0,4810.0
2850,3120.0,4265.0
2851,2461.0,3365.0
2852,3841.0,2051.0
2853,1664.0,4011.0
2854,4552.0,3174.0
2855,2739.0,1070.0
2856,1716.0,2707.0
2857,4622.0,1627.0
2858,3775.0,4093.0
2859,2588.0,4311.0
2860,4060.0,782.0
2861,3250.0,1306.0
2862,1931.0,1945.0
2863,2742.0,4637.0
2864,787.0,1950.0
2865,1192.0,3757.0
2866,4722.0,3689.0
2867,2826.0,998.0
2868,2049.0,4429.0
2869,2605.0,822.0
2870,880.0,2971.0
2871,688.0,2312.0
2872,4208.0,2951.0
2873,3169.0,4811.0
2874,2610.0,435.0
2875,2770.0,269.0
2876,1696.0,1109.0
2877,2858.0,1988.0
2878,3021.0,1576.0
2879,3865.0,955.0
2880,4469.0,3502.0
2881,2623.0,1994.0
2882,4598.0,1661.0
2883,3664.0,2383.0
2884,3154.0,2910.0
2885,4631.0,342.0
2886,2706.0,677.0
2887,3358.0,2264.0
2888,4450.0,4716.0
2889,2865.0,941.0
2890,2561.0,4425.0
2891,772.0,4801.0
2892,1222.0,2674.0
2893,2842.0,1889.0
2894,4086.0,4329.0
2895,2390.0,2646.0
2896,4898.0,2392.0
2897,210.0,4542.0
2898,4582.0,438.0
2899,3289.0,1597.0
2900,661.0,818.0
2901,3627.0,636.0
2902,4516.0,4401.0
2903,3023.0,4599.0
2904,1121.0,4562.0
2905,293.0,4787.0
2906,2583.0,2281.0
2907,3818.0,3739.0
2908,3171.0,2150.0
2909,2344.0,3735.0
2910,4194.0,2938.0
2911,564.0,4694.0
2912,274.0,2020.0
2913,2575.0,4923.0
2914,1355.0,3301.0
2915,1542.0,4143.0
2916,1298.0,2175.0
2917,615.0,811.0
2918,2229.0,2073.0
2919,4729.0,3330.0
2920,1627.0,2064.0
2921,1470.0,694.0
2922,1487.0,2950.0
2923,4709.0,3615.0
2924,4940.0,4647.0
2925,1274.0,3745.0
2926,1706.0,4000.0
2927,794.0,1159.0
2928,1082.0,209.0
2929,4338.0,532.0
2930,4336.0,4743.0
2931,2914.0,4846.0
2932,2430.0,480.0
2933,1247.0,973.0
2934,4887.0,4653.0
2935,1151.0,3718.0
2936,4849.0,1142.0
2937,3944.0,2581.0
2938,4196.0,2948.0
2939,137.0,4409.0
2940,1489.0,4258.0
2941,1944.0,4375.0
2942,2935.0,1569.0
2943,1400.0,3784.0
2944,2042.0,4902.0
2945,3517.0,1371.0
2946,3322.0,4750.0
2947,268.0,4300.0
2948,1464.0,215.0
2949,545.0,529.0
2950,2269.0,245.0
2951,2099.0,100.0
2952,1531.0,3025.0
2953,1913.0,3286.0
2954,4185.0,3133.0
2955,3647.0,2907.0
2956,3928.0,277.0
2957,827.0,881.0
2958,294.0,538.0
2959,1771.0,4651.0
2960,1097.0,4162.0
2961,3555.0,3719.0
2962,4355.0,3361.0
2963,4266.0,873.0
2964,1331.0,1255.0
2965,2192.0,1437.0
2966,4259.0,867.0
2967,3579.0,1024.0
2968,2137.0,4518.0
2969,1998.0,1790.0
2970,3864.0,1984.0
2971,1216.0,1342.0
2972,1352.0,1244.0
2973,1547.0,3669.0
2974,3282.0,2758.0
2975,1377.0,4909.0
2976,793.0,629.0
2977,3649.0,3375.0
2978,2322.0,1586.0
2979,1758.0,1944.0
2980,2432.0,2146.0
2981,50.0,3782.0
2982,1005.0,3886.0
2983,4267.0,4967.0
2984,2276.0,3725.0
2985,4389.0,1938.0
2986,2202.0,3722.0
2987,2707.0,4018.0
2988,999.0,2747.0
2989,3752.0,4651.0
2990,2714.0,3468.0
2991,1013.0,3970.0
2992,4627.0,3632.0
2993,1975.0,4030.0
2994,4032.0,347.0
2995,4132.0,1062.0
2996,4192.0,4373.0
2997,2227.0,1810.0
2998,1080.0,493.0
2999,2251.0,2412.0
3000,2698.0,1834.0
3001,2271.0,109.0
3002,326.0,1728.0
3003,544.0,2754.0
3004,4062.0,1282.0
3005,2382.0,4528.0
3006,896.0,4267.0
3007,1718.0,1956.0
3008,2657.0,1176.0
3009,3550.0,2007.0
3010,988.0,905.0
3011,2097.0,1892.0
3012,2517.0,1327.0
3013,2164.0,4635.0
3014,970.0,4698.0
3015,1132.0,327.0
3016,2681.0,1383.0
3017,2911.0,2652.0
3018,3038.0,2385.0
3019,3160.0,1060.0
3020,2427.0,404.0
3021,3946.0,4790.0
3022,851.0,3030.0
3023,1806.0,3553.0
3024,249.0,1484.0
3025,4185.0,3544.0
3026,4045.0,3964.0
3027,2915.0,48.0
3028,1401.0,1419.0
3029,2834.0,342.0
3030,4850.0,4051.0
3031,1823.0,1098.0
3032,3204.0,4033.0
3033,2188.0,3859.0
3034,4070.0,2599.0
3035,2695.0,1125.0
3036,2622.0,4193.0
3037,1937.0,4073.0
3038,272.0,4505.0
3039,3691.0,4446.0
3040,3714.0,530.0
3041,4623.0,4970.0
3042,2354.0,2141.0
3043,410.0,2094.0
3044,775.0,0.0
3045,1252.0,1449.0
3046,3201.0,1305.0
3047,1830.0,2781.0
3048,1082.0,1640.0
3049,4768.0,429.0
3050,3245.0,4421.0
3051,1163.0,1372.0
3052,1098.0,2402.0
3053,132.0,1553.0
3054,2681.0,3878.0
3055,2220.0,3596.0
3056,2452.0,3308.0
3057,359.0,3228.0
3058,3479.0,991.0
3059,190.0,3547.0
3060,1176.0,4011.0
3061,3871.0,1480.0
3062,557.0,1033.0
3063,4748.0,821.0
3064,3029.0,3372.0
3065,4660.0,2985.0
3066,971.0,1074.0
3067,1136.0,2946.0
3068,1693.0,154.0
3069,1653.0,3733.0
3070,1902.0,2694.0
3071,1774.0,321.0
3072,252.0,3791.0
3073,2694.0,3751.0
3074,3919.0,3315.0
3075,1852.0,4017.0
3076,1717.0,2910.0
3077,1833.0,4848.0
3078,4272.0,3232.0
3079,1082.0,2861.0
3080,4398.0,3317.0
3081,3001.0,2928.0
3082,818.0,47.0
3083,4207.0,4410.0
3084,2213.0,2105.0
3085,2550.0,4467.0
3086,4826.0,2223.0
3087,1279.0,1735.0
3088,286.0,3114.0
3089,1848.0,481.0
3090,2246.0,3072.0
3091,2491.0,1643.0
3092,4693.0,1906.0
3093,2760.0,4413.0
3094,2710.0,2143.0
3095,1164.0,3969.0
3096,3908.0,1311.0
3097,811.0,4302.0
3098,1169.0,3625.0
3099,794.0,1053.0
3100,2968.0,915.0
3101,3328.0,2245.0
3102,941.0,3370.0
3103,1850.0,2481.0
3104,604.0,867.0
3105,2343.0,3736.0
3106,1217.0,3881.0
3107,4201.0,3226.0
3108,3410.0,2752.0
3109,4185.0,99.0
3110,3226.0,827.0
3111,735.0,1894.0
3112,4792.0,4241.0
3113,1763.0,4463.0
3114,4766.0,637.0
3115,4895.0,3552.0
3116,4014.0,3576.0
3117,1236.0,1068.0
3118,2765.0,1618.0
3119,1558.0,3862.0
3120,4027.0,2580.0
3121,4055.0,755.0
3122,4047.0,2604.0
3123,813.0,4840.0
3124,2753.0,320.0
3125,2838.0,1679.0
3126,862.0,2393.0
3127,244.0,1261.0
3128,3160.0,4953.0
3129,3711.0,2508.0
3130,2268.0,2772.0
3131,1712.0,2264.0
3132,91.0,1697.0
3133,1704.0,4432.0
3134,1854.0,2358.0
3135,4000.0,2892.0
3136,581.0,3371.0
3137,730.0,1054.0
3138,2656.0,4964.0
3139,3910.0,1682.0
3140,3772.0,2149.0
3141,4435.0,1975.0
3142,3346.0,1038.0
3143,2455.0,3471.0
3144,861.0,1485.0
3145,487.0,4586.0
3146,4017.0,4002.0
3147,4916.0,1849.0
3148,2806.0,4949.0
3149,643.0,2561.0
3150,1105.0,734.0
3151,1775.0,4709.0
3152,1588.0,1009.0
3153,1263.0,505.0
3154,1970.0,551.0
3155,643.0,942.0
3156,326.0,18.0
3157,4126.0,3409.0
3158,3737.0,4430.0
3159,169.0,1362.0
3160,1492.0,1691.0
3161,4442.0,3057.0
3162,2620.0,319.0
3163,1863.0,4957.0
3164,59.0,170.0
3165,4381.0,203.0
3166,4941.0,3125.0
3167,1026.0,3794.0
3168,4441.0,3205.0
3169,731.0,1295.0
3170,3627.0,2994.0
3171,4561.0,4404.0
3172,3035.0,1396.0
3173,4506.0,3379.0
3174,1316.0,4136.0
3175,2292.0,536.0
3176,1095.0,140.0
3177,2903.0,1774.0
3178,2067.0,1928.0
3179,736.0,2110.0
3180,4273.0,577.0
3181,1144.0,1618.0
3182,4299.0,2993.0
3183,2004.0,2031.0
3184,3631.0,4088.0
3185,1615.0,152.0
3186,546.0,285.0
3187,2441.0,2983.0
3188,365.0,253.0
3189,4536.0,830.0
3190,3882.0,2524.0
3191,3247.0,4376.0
3192,1792.0,4156.0
3193,393.0,4134.0
3194,2758.0,4336.0
3195,1215.0,662.0
3196,3149.0,1831.0
3197,4179.0,524.0
3198,2884.0,2966.0
3199,1833.0,4144.0
3200,2872.0,547.0
3201,1879.0,2034.0
3202,2041.0,4423.0
3203,2035.0,1820.0
3204,465.0,1310.0
3205,979.0,2310.0
3206,40.0,815.0
3207,2047.0,3393.0
3208,4388.0,3316.0
3209,803.0,3605.0
3210,1809.0,4159.0
3211,3992.0,2810.0
3212,1924.0,3958.0
3213,3758.0,1684.0
3214,4555.0,4251.0
3215,4364.0,1184.0
3216,2034.0,1295.0
3217,1930.0,918.0
3218,1298.0,424.0
3219,3869.0,3216.0
3220,973.0,4634.0
3221,1548.0,37.0
3222,4816.0,619.0
3223,727.0,2690.0
3224,3527.0,455.0
3225,1258.0,2909.0
3226,4236.0,3865.0
3227,461.0,4276.0
3228,3349.0,2738.0
3229,236.0,1043.0
3230,2446.0,3582.0
3231,3378.0,2398.0
3232,2250.0,3585.0
3233,2895.0,4254.0
3234,3671.0,1960.0
3235,1245.0,1867.0
3236,2071.0,4622.0
3237,4927.0,4553.0
3238,4482.0,3082.0
3239,221.0,3486.0
3240,3535.0,1400.0
3241,3943.0,1427.0
3242,3639.0,3938.0
3243,3618.0,2650.0
3244,2144.0,1435.0
3245,1394.0,692.0
3246,1788.0,206.0
3247,3395.0,1632.0
3248,1034.0,2734.0
3249,1626.0,792.0
3250,716.0,408.0
3251,2979.0,4142.0
3252,4205.0,1029.0
3253,4793.0,768.0
3254,3740.0,1887.0
3255,414.0,3526.0
3256,3531.0,4242.0
3257,3535.0,4735.0
3258,1361.0,241.0
3259,82.0,4047.0
3260,3740.0,931.0
3261,797.0,1070.0
3262,734.0,2463.0
3263,3593.0,2105.0
3264,76.0,4238.0
3265,2942.0,1917.0
3266,4037.0,3041.0
3267,1069.0,2731.0
3268,2042.0,2545.0
3269,4814.0,2695.0
3270,1592.0,2208.0
3271,1747.0,4054.0
3272,1239.0,1568.0
3273,1579.0,2474.0
3274,3129.0,3849.0
3275,4751.0,3073.0
3276,2151.0,1419.0
3277,4317.0,368.0
3278,4052.0,2725.0
3279,2212.0,4215.0
3280,3732.0,2015.0
3281,4976.0,316.0
3282,1704.0,3275.0
3283,2978.0,3474.0
3284,1453.0,4289.0
3285,347.0,2980.0
3286,3366.0,4715.0
3287,2561.0,2246.0
3288,4969.0,1057.0
3289,2091.0,4577.0
3290,3715.0,4052.0
3291,1212.0,1987.0
3292,3578.0,2118.0
3293,3521.0,747.0
3294,467.0,4479.0
3295,1152.0,4714.0
3296,1400.0,246.0
3297,60.0,4717.0
3298,4580.0,4448.0
3299,1354.0,759.0
3300,2989.0,1779.0
3301,3395.0,1168.0
3302,61.0,850.0
3303,4961.0,4203.0
3304,4773.0,25.0
3305,212.0,4468.0
3306,1640.0,2318.0
3307,4411.0,774.0
3308,3228.0,3818.0
3309,2336.0,1385.0
3310,2737.0,3117.0
3311,1642.0,3536.0
3312,2230.0,1286.0
3313,1789.0,4928.0
3314,290.0,3760.0
3315,2518.0,2575.0
3316,4137.0,4652.0
3317,4560.0,2401.0
3318,1864.0,3273.0
3319,3454.0,1345.0
3320,4669.0,1791.0
3321,1260.0,3796.0
3322,3644.0,3298.0
3323,334.0,1841.0
3324,3915.0,4081.0
3325,4859.0,186.0
3326,2538.0,1346.0
3327,207.0,2825.0
3328,1038.0,1263.0
3329,1442.0,1324.0
3330,1336.0,4498.0
3331,144.0,4205.0
3332,72.0,723.0
3333,2976.0,2419.0
3334,3748.0,3123.0
3335,84.0,4961.0
3336,2371.0,1993.0
3337,1022.0,3796.0
3338,947.0,3654.0
3339,3929.0,981.0
3340,3979.0,2984.0
3341,3979.0,2167.0
3342,3206.0,2.0
3343,2039.0,2600.0
3344,1713.0,2339.0
3345,4333.0,1177.0
3346,3472.0,1527.0
3347,560.0,4162.0
3348,3404.0,4897.0
3349,3519.0,4630.0
3350,597.0,1704.0
3351,4393.0,3648.0
3352,4644.0,1246.0
3353,357.0,4363.0
3354,2038.0,4156.0
3355,2502.0,2283.0
3356,4340.0,1230.0
3357,4392.0,928.0
3358,3829.0,3504.0
3359,1861.0,1757.0
3360,4095.0,4585.0
3361,3811.0,906.0
3362,3795.0,4886.0
3363,2512.0,3414.0
3364,4237.0,3045.0
3365,676.0,322.0
3366,3008.0,3561.0
3367,694.0,1869.0
3368,914.0,3134.0
3369,4206.0,2497.0
3370,4365.0,4101.0
3371,4682.0,170.0
3372,3592.0,3632.0
3373,3961.0,3645.0
3374,2257.0,4305.0
3375,3413.0,924.0
3376,4257.0,3641.0
3377,3228.0,1596.0
3378,4942.0,267.0
3379,4698.0,4057.0
3380,690.0,2827.0
3381,2009.0,1945.0
3382,2399.0,4866.0
3383,2975.0,764.0
3384,1515.0,3174.0
3385,2057.0,737.0
3386,1385.0,2219.0
3387,1838.0,3342.0
3388,1317.0,4038.0
3389,640.0,2128.0
3390,1616.0,2856.0
3391,2235.0,3677.0
3392,205.0,177.0
3393,2987.0,3655.0
3394,1781.0,4240.0
3395,2609.0,1723.0
3396,1367.0,993.0
3397,3447.0,4962.0
3398,2365.0,1609.0
3399,1689.0,1880.0
3400,4444.0,2443.0
3401,3003.0,610.0
3402,3052.0,2173.0
3403,4747.0,2287.0
3404,2031.0,2673.0
3405,1203.0,1220.0
3406,4733.0,657.0
3407,69.0,3412.0
3408,756.0,97.0
3409,974.0,4100.0
3410,2547.0,870.0
3411,2960.0,3122.0
3412,1046.0,4056.0
3413,1067.0,1252.0
3414,1794.0,3108.0
3415,1507.0,3389.0
3416,81.0,3904.0
3417,1710.0,323.0
3418,2996.0,1710.0
3419,1184.0,1248.0
3420,3408.0,2907.0
3421,825.0,1566.0
3422,2044.0,1017.0
3423,2518.0,1627.0
3424,4826.0,3930.0
3425,3256.0,3787.0
3426,2893.0,3.0
3427,1304.0,3336.0
3428,4751.0,3297.0
3429,4127.0,100.0
3430,4830.0,2926.0
3431,1507.0,2329.0
3432,2796.0,4243.0
3433,3078.0,357.0
3434,3906.0,1387.0
3435,663.0,576.0
3436,4677.0,1956.0
3437,400.0,4369.0
3438,4851.0,1840.0
3439,1746.0,411.0
3440,4168.0,3871.0
3441,509.0,621.0
3442,1476.0,4837.0
3443,3919.0,654.0
3444,323.0,2916.0
3445,51.0,4924.0
3446,204.0,4229.0
3447,1427.0,2271.0
3448,72.0,2766.0
3449,1155.0,3808.0
3450,1427.0,3487.0
3451,4311.0,2799.0
3452,4009.0,3347.0
3453,1434.0,4333.0
3454,1745.0,4246.0
3455,1617.0,264.0
3456,3504.0,122.0
3457,1040.0,1238.0
3458,1314.0,3468.0
3459,532.0,1962.0
3460,2461.0,2525.0
3461,893.0,3160.0
3462,2475.0,3990.0
3463,1053.0,4215.0
3464,78.0,4562.0
3465,1355.0,2368.0
3466,2127.0,1215.0
3467,1696.0,585.0
3468,4049.0,1918.0
3469,3273.0,3536.0
3470,2767.0,13.0
3471,4332.0,4856.0
3472,4208.0,356.0
3473,269.0,3063.0
3474,3257.0,4365.0
3475,848.0,3985.0
3476,1858.0,336.0
3477,1419.0,4893.0
3478,3232.0,1321.0
3479,3021.0,4640.0
3480,560.0,127.0
3481,4367.0,2056.0
3482,1431.0,2498.0
3483,853.0,847.0
3484,777.0,2941.0
3485,1090.0,1677.0
3486,4981.0,1058.0
3487,2707.0,1553.0
3488,331.0,2362.0
3489,4480.0,2433.0
3490,2955.0,2988.0
3491,2180.0,1194.0
3492,2835.0,4223.0
3493,2806.0,727.0
3494,2629.0,1686.0
3495,2021.0,3158.0
3496,1689.0,3504.0
3497,3783.0,3003.0
3498,2433.0,1370.0
3499,2098.0,1912.0
3500,2786.0,1318.0
3501,4134.0,2371.0
3502,3232.0,3321.0
3503,797.0,2419.0
3504,4591.0,3626.0
3505,3555.0,3732.0
3506,3991.0,3998.0
3507,4928.0,2760.0
3508,3568.0,703.0
3509,4177.0,1183.0
3510,3651.0,2247.0
3511,3916.0,1994.0
3512,2215.0,1875.0
3513,2510.0,2539.0
3514,2415.0,2457.0
3515,4369.0,2877.0
3516,3325.0,3922.0
3517,2853.0,4506.0
3518,676.0,870.0
3519,2730.0,1471.0
3520,4059.0,4998.0
3521,4166.0,3922.0
3522,2670.0,3448.0
3523,746.0,3416.0
3524,4254.0,3485.0
3525,207.0,2121.0
3526,3220.0,3094.0
3527,560.0,3662.0
3528,916.0,1746.0
3529,4697.0,1284.0
3530,3012.0,2990.0
3531,2606.0,4034.0
3532,4464.0,974.0
3533,4155.0,4923.0
3534,2901.0,1346.0
3535,363.0,815.0
3536,1433.0,3407.0
3537,1851.0,2089.0
3538,3267.0,1920.0
3539,3202.0,1823.0
3540,700.0,4603.0
3541,4425.0,3675.0
3542,1833.0,3075.0
3543,165.0,1871.0
3544,1675.0,4716.0
3545,2952.0,4833.0
3546,115.0,211.0
3547,1734.0,3969.0
3548,3857.0,262.0
3549,4872.0,2714.0
3550,2728.0,4136.0
3551,1661.0,3434.0
3552,981.0,1950.0
3553,1034.0,1461.0
3554,4678.0,46.0
3555,144.0,4806.0
3556,2906.0,3438.0
3557,175.0,541.0
3558,2512.0,2632.0
3559,4061.0,3944.0
3560,4659.0,1821.0
3561,2840.0,1075.0
3562,3337.0,4075.0
3563,3135.0,4071.0
3564,3129.0,315.0
3565,2379.0,3040.0
3566,3318.0,3651.0
3567,4017.0,779.0
3568,1976.0,2559.0
3569,1654.0,3719.0
3570,4518.0,3394.0
3571,2682.0,4115.0
3572,1315.0,3114.0
3573,2757.0,467.0
3574,171.0,4329.0
3575,676.0,1848.0
3576,4757.0,2981.0
3577,4932.0,948.0
3578,1148.0,2369.0
3579,3101.0,3548.0
3580,1295.0,2543.0
3581,2999.0,3764.0
3582,4936.0,665.0
3583,1001.0,769.0
3584,4337.0,3330.0
3585,1005.0,754.0
3586,3844.0,4122.0
3587,1913.0,2170.0
3588,4288.0,2366.0
3589,4101.0,4277.0
3590,548.0,3182.0
3591,1822.0,849.0
3592,2725.0,895.0
3593,4602.0,3551.0
3594,672.0,2091.0
3595,540.0,2137.0
3596,3924.0,1053.0
3597,4661.0,4556.0
3598,4550.0,2912.0
3599,1411.0,1487.0
3600,3967.0,912.0
3601,3810.0,957.0
3602,2159.0,1674.0
3603,628.0,4290.0
3604,2780.0,43.0
3605,200.0,4370.0
3606,3919.0,690.0
3607,1973.0,2937.0
3608,2814.0,3603.0
3609,561.0,2422.0
3610,3627.0,3117.0
3611,1990.0,488.0
3612,4175.0,706.0
3613,1264.0,4859.0
3614,1153.0,1727.0
3615,1222.0,1915.0
3616,1340.0,4709.0
3617,4709.0,71.0
3618,1558.0,4281.0
3619,4200.0,267.0
3620,194.0,1829.0
3621,4197.0,2704.0
3622,891.0,1643.0
3623,3477.0,2966.0
3624,4282.0,4054.0
3625,1972.0,1599.0
3626,3293.0,3305.0
3627,704.0,3846.0
3628,4119.0,790.0
3629,1656.0,3335.0
3630,3123.0,2584.0
3631,2401.0,1662.0
3632,4282.0,429.0
3633,2174.0,478.0
3634,1667.0,3114.0
3635,3057.0,664.0
3636,117.0,3969.0
3637,1748.0,4582.0
3638,2354.0,1756.0
3639,3525.0,1927.0
3640,3712.0,2631.0
3641,659.0,2255.0
3642,4451.0,400.0
3643,1526.0,124.0
3644,3951.0,4424.0
3645,3587.0,4995.0
3646,816.0,1693.0
3647,541.0,4419.0
3648,4841.0,2143.0
3649,989.0,3360.0
3650,2491.0,1452.0
3651,1786.0,1856.0
3652,685.0,4090.0
3653,595.0,2816.0
3654,4109.0,4848.0
3655,1123.0,1967.0
3656,1540.0,4422.0
3657,686.0,2145.0
3658,4937.0,53.0
3659,4883.0,1472.0
3660,4412.0,3390.0
3661,4774.0,2875.0
3662,2896.0,1657.0
3663,3035.0,214.0
3664,4243.0,1855.0
3665,32.0,4170.0
3666,2467.0,542.0
3667,4609.0,220.0
3668,1644.0,4802.0
3669,886.0,3559.0
3670,964.0,4021.0
3671,865.0,2886.0
3672,4810.0,1818.0
3673,1585.0,1769.0
3674,2195.0,2438.0
3675,2878.0,2014.0
3676,2217.0,2023.0
3677,2317.0,2319.0
3678,944.0,2.0
3679,4465.0,4444.0
3680,1426.0,749.0
3681,1671.0,3092.0
3682,2202.0,328.0
3683,2399.0,3946.0
3684,3680.0,4722.0
3685,1982.0,3826.0
3686,3973.0,756.0
3687,847.0,598.0
3688,3929.0,4576.0
3689,4439.0,4527.0
3690,3268.0,3395.0
3691,3852.0,2432.0
3692,758.0,2808.0
3693,3690.0,4547.0
3694,3283.0,1011.0
3695,596.0,1361.0
3696,2683.0,1833.0
3697,505.0,3442.0
3698,3150.0,2924.0
3699,4791.0,1668.0
3700,1930.0,2124.0
3701,438.0,4200.0
3702,2076.0,2678.0
3703,2709.0,302.0
3704,2082.0,352.0
3705,2506.0,4929.0
3706,997.0,1333.0
3707,3107.0,4768.0
3708,977.0,2111.0
3709,4307.0,1165.0
3710,3154.0,3513.0
3711,2771.0,4785.0
3712,567.0,1168.0
3713,236.0,1043.0
3714,1029.0,1904.0
3715,1285.0,683.0
3716,2009.0,3522.0
3717,1393.0,3179.0
3718,438.0,652.0
3719,3865.0,4555.0
3720,1710.0,781.0
3721,22.0,3079.0
3722,4618.0,356.0
3723,2612.0,4676.0
3724,1966.0,2576.0
3725,4724.0,2863.0
3726,503.0,3489.0
3727,4704.0,3183.0
3728,4491.0,2409.0
3729,2435.0,963.0
3730,2031.0,521.0
3731,3709.0,2430.0
3732,2821.0,2284.0
3733,1046.0,3087.0
3734,4100.0,2151.0
3735,4367.0,883.0
3736,792.0,3511.0
3737,1832.0,3070.0
3738,158.0,2904.0
3739,3954.0,4954.0
3740,3221.0,4358.0
3741,4266.0,4869.0
3742,2908.0,706.0
3743,4690.0,4561.0
3744,536.0,1465.0
3745,2990.0,2725.0
3746,2523.0,3215.0
3747,1108.0,3219.0
3748,919.0,725.0
3749,4499.0,3452.0
3750,1354.0,4093.0
3751,3981.0,846.0
3752,2804.0,2884.0
3753,230.0,54.0
3754,1051.0,4518.0
3755,4100.0,3222.0
3756,4818.0,3660.0
3757,2424.0,922.0
3758,1144.0,342.0
3759,3032.0,3045.0
3760,4803.0,304.0
3761,4362.0,1842.0
3762,297.0,1161.0
3763,4281.0,1096.0
3764,865.0,3899.0
3765,2751.0,1528.0
3766,4664.0,2869.0
3767,1345.0,2822.0
3768,2744.0,1731.0
3769,784.0,996.0
3770,4364.0,1946.0
3771,2589.0,1786.0
3772,2877.0,4821.0
3773,2360.0,1233.0
3774,893.0,354.0
3775,4275.0,1159.0
3776,380.0,1527.0
3777,4005.0,3564.0
3778,3767.0,303.0
3779,2934.0,733.0
3780,4899.0,3024.0
3781,939.0,3833.0
3782,2404.0,3309.0
3783,4588.0,2671.0
3784,1100.0,1878.0
3785,4405.0,2801.0
3786,3670.0,95.0
3787,330.0,1493.0
3788,4996.0,2043.0
3789,1805.0,2866.0
3790,345.0,466.0
3791,2672.0,1151.0
3792,1104.0,3630.0
3793,2652.0,3788.0
3794,21.0,856.0
3795,1967.0,4759.0
3796,429.0,2813.0
3797,525.0,3882.0
3798,1355.0,1709.0
3799,4565.0,783.0
3800,312.0,2057.0
3801,4977.0,991.0
3802,391.0,3462.0
3803,3271.0,4724.0
3804,4719.0,3052.0
3805,3654.0,780.0
3806,494.0,3570.0
3807,2814.0,3851.0
3808,3691.0,3112.0
3809,3227.0,4908.0
3810,3037.0,3437.0
3811,4102.0,3267.0
3812,454.0,3179.0
3813,944.0,848.0
3814,4658.0,4805.0
3815,2428.0,2521.0
3816,683.0,927.0
3817,4547.0,4481.0
3818,415.0,1129.0
3819,3134.0,1901.0
3820,909.0,2340.0
3821,44.0,4420.0
3822,4696.0,3235.0
3823,3393.0,2879.0
3824,1715.0,3718.0
3825,3486.0,851.0
3826,2179.0,3753.0
3827,861.0,1915.0
3828,4449.0,2116.0
3829,3807.0,2427.0
3830,3772.0,941.0
3831,1242.0,2792.0
3832,2051.0,2521.0
3833,1036.0,1617.0
3834,1467.0,4021.0
3835,4283.0,3339.0
3836,825.0,3367.0
3837,4951.0,2036.0
3838,3488.0,3557.0
3839,4584.0,4885.0
3840,2427.0,3947.0
3841,2590.0,3558.0
3842,4567.0,3864.0
3843,4366.0,1333.0
3844,1129.0,808.0
3845,1761.0,106.0
3846,3195.0,1838.0
3847,269.0,1589.0
3848,4072.0,2073.0
3849,1510.0,1599.0
3850,1986.0,2329.0
3851,3727.0,3218.0
3852,4846.0,4047.0
3853,4663.0,1452.0
3854,4393.0,2487.0
3855,1001.0,1706.0
3856,47.0,2091.0
3857,4917.0,3339.0
3858,3644.0,329.0
3859,2279.0,308.0
3860,1057.0,4777.0
3861,3971.0,2463.0
3862,4320.0,1566.0
3863,2322.0,1476.0
3864,3837.0,1372.0
3865,3149.0,3725.0
3866,1712.0,3660.0
3867,3916.0,1632.0
3868,2261.0,3187.0
3869,3555.0,4412.0
3870,211.0,4114.0
3871,1450.0,4553.0
3872,4591.0,2002.0
3873,4954.0,920.0
3874,1618.0,2060.0
3875,2370.0,339.0
3876,2551.0,4613.0
3877,3916.0,2699.0
3878,4077.0,1966.0
3879,2402.0,376.0
3880,2093.0,1243.0
3881,4126.0,132.0
3882,728.0,1178.0
3883,2526.0,3092.0
3884,3227.0,3373.0
3885,18.0,1552.0
3886,3052.0,1029.0
3887,2411.0,732.0
3888,1447.0,3390.0
3889,4766.0,339.0
3890,2455.0,3698.0
3891,4085.0,3666.0
3892,4592.0,1295.0
3893,14.0,3532.0
3894,3607.0,3272.0
3895,2149.0,3814.0
3896,3519.0,4068.0
3897,4956.0,1153.0
3898,245.0,1721.0
3899,2000.0,808.0
3900,4406.0,1161.0
3901,4972.0,504.0
3902,4579.0,1074.0
3903,824.0,938.0
3904,3788.0,3821.0
3905,4255.0,1218.0
3906,1020.0,4158.0
3907,3794.0,3358.0
3908,407.0,2022.0
3909,915.0,131.0
3910,4405.0,3571.0
3911,801.0,2229.0
3912,839.0,1777.0
3913,2628.0,4132.0
3914,1279.0,2828.0
3915,77.0,3942.0
3916,1505.0,345.0
3917,2429.0,2740.0
3918,1644.0,43.0
3919,206.0,4962.0
3920,2482.0,1596.0
3921,3088.0,756.0
3922,3598.0,2339.0
3923,1653.0,1589.0
3924,3584.0,1516.0
3925,4852.0,2952.0
3926,279.0,1813.0
3927,1440.0,2129.0
3928,394.0,1354.0
3929,828.0,447.0
3930,3890.0,4342.0
3931,1378.0,1776.0
3932,511.0,1185.0
3933,3077.0,2465.0
3934,2702.0,1871.0
3935,2638.0,136.0
3936,1622.0,2042.0
3937,3541.0,342.0
3938,283.0,2734.0
3939,1694.0,767.0
3940,4890.0,2850.0
3941,1236.0,3382.0
3942,110.0,2137.0
3943,1638.0,264.0
3944,1435.0,743.0
3945,568.0,4116.0
3946,1453.0,3093.0
3947,2155.0,2738.0
3948,52.0,280.0
3949,4190.0,3258.0
3950,4394.0,1383.0
3951,2331.0,4030.0
3952,1348.0,3735.0
3953,3741.0,3003.0
3954,1069.0,674.0
3955,766.0,1413.0
3956,829.0,4763.0
3957,1653.0,4664.0
3958,114.0,2237.0
3959,1443.0,656.0
3960,3206.0,4521.0
3961,1679.0,1600.0
3962,335.0,2868.0
3963,203.0,527.0
3964,671.0,3570.0
3965,3024.0,2041.0
3966,1570.0,2517.0
3967,1989.0,2795.0
3968,4939.0,2363.0
3969,3388.0,4754.0
3970,4615.0,550.0
3971,1093.0,2611.0
3972,3709.0,3579.0
3973,2042.0,2803.0
3974,3657.0,3148.0
3975,3316.0,522.0
3976,1019.0,883.0
3977,2436.0,432.0
3978,424.0,504.0
3979,168.0,4473.0
3980,2370.0,2393.0
3981,4504.0,735.0
3982,560.0,2616.0
3983,908.0,3167.0
3984,2641.0,2703.0
3985,804.0,108.0
3986,3772.0,2903.0
3987,541.0,1502.0
3988,3325.0,4302.0
3989,712.0,4843.0
3990,3691.0,629.0
3991,4194.0,3698.0
3992,2286.0,1738.0
3993,2280.0,3079.0
3994,2469.0,1560.0
3995,3564.0,4901.0
3996,2863.0,638.0
3997,1675.0,4346.0
3998,2331.0,1044.0
3999,1484.0,2681.0
4000,1596.0,2046.0
4001,4952.0,970.0
4002,1633.0,1760.0
4003,641.0,1620.0
4004,2144.0,4115.0
4005,2975.0,683.0
4006,586.0,1866.0
4007,4199.0,654.0
4008,1708.0,737.0
4009,126.0,1521.0
4010,3126.0,57.0
4011,3554.0,23.0
4012,1589.0,352.0
4013,1301.0,4680.0
4014,2204.0,2599.0
4015,4128.0,333.0
4016,2876.0,1169.0
4017,960.0,4077.0
4018,2911.0,2059.0
4019,4101.0,4467.0
4020,2052.0,3261.0
4021,3903.0,100.0
4022,3443.0,4682.0
4023,3619.0,4589.0
4024,835.0,1129.0
4025,2845.0,1818.0
4026,1580.0,1128.0
4027,1093.0,2311.0
4028,2258.0,2291.0
4029,218.0,3428.0
4030,1990.0,3184.0
4031,3702.0,3659.0
4032,4562.0,1932.0
4033,4546.0,959.0
4034,3665.0,2006.0
4035,715.0,3914.0
4036,2670.0,4420.0
4037,3924.0,120.0
4038,2689.0,3410.0
4039,3682.0,3795.0
4040,4360.0,3135.0
4041,3637.0,3554.0
4042,3993.0,1211.0
4043,2994.0,3982.0
4044,3252.0,3594.0
4045,4427.0,1433.0
4046,2160.0,2064.0
4047,322.0,1012.0
4048,2641.0,760.0
4049,569.0,1616.0
4050,886.0,1409.0
4051,3769.0,2671.0
4052,3391.0,525.0
4053,2716.0,3742.0
4054,2527.0,4916.0
4055,1400.0,299.0
4056,4915.0,665.0
4057,3501.0,2466.0
4058,107.0,784.0
4059,2561.0,3164.0
4060,1182.0,885.0
4061,2376.0,3939.0
4062,436.0,1292.0
4063,839.0,3630.0
4064,941.0,1874.0
4065,811.0,2129.0
4066,9.0,3339.0
4067,3503.0,4675.0
4068,3551.0,2058.0
4069,261.0,780.0
4070,2010.0,2827.0
4071,1765.0,110.0
4072,4380.0,2504.0
4073,2690.0,703.0
4074,961.0,4305.0
4075,3394.0,3836.0
4076,4650.0,60.0
4077,1771.0,2846.0
4078,3769.0,2502.0
4079,748.0,2041.0
4080,1172.0,4121.0
4081,2891.0,2659.0
4082,1910.0,626.0
4083,2007.0,338.0
4084,1390.0,1108.0
4085,664.0,4183.0
4086,1636.0,4738.0
4087,224.0,1239.0
4088,500.0,1861.0
4089,4170.0,2833.0
4090,4949.0,82.0
4091,2729.0,4210.0
4092,4901.0,3301.0
4093,4843.0,1965.0
4094,797.0,197.0
4095,1725.0,3161.0
4096,966.0,2028.0
4097,4599.0,2343.0
4098,2866.0,2575.0
4099,4282.0,2979.0
4100,950.0,1685.0
4101,70.0,1494.0
4102,3478.0,4117.0
4103,3935.0,2598.0
4104,1605.0,40.0
4105,4722.0,3540.0
4106,4783.0,3642.0
4107,3124.0,235.0
4108,4898.0,723.0
4109,4207.0,2321.0
4110,3194.0,2229.0
4111,2298.0,2282.0
4112,4007.0,4335.0
4113,1186.0,3269.0
4114,2145.0,3174.0
4115,119.0,1494.0
4116,1059.0,1249.0
4117,1539.0,629.0
4118,3017.0,4324.0
4119,3804.0,398.0
4120,288.0,307.0
4121,2039.0,3223.0
4122,1317.0,4356.0
4123,3922.0,2678.0
4124,2338.0,3529.0
4125,459.0,2427.0
4126,233.0,2463.0
4127,2661.0,3996.0
4128,420.0,1868.0
4129,1756.0,581.0
4130,1652.0,2786.0
4131,4128.0,2259.0
4132,937.0,3497.0
4133,2382.0,2857.0
4134,468.0,3022.0
4135,2302.0,2917.0
4136,1192.0,4466.0
4137,4911.0,4516.0
4138,3678.0,2745.0
4139,2632.0,1201.0
4140,3900.0,263.0
4141,3969.0,413.0
4142,4263.0,3136.0
4143,4793.0,27.0
4144,771.0,1977.0
4145,221.0,3116.0
4146,1798.0,1917.0
4147,3740.0,2686.0
4148,2970.0,1366.0
4149,4464.0,137.0
4150,3191.0,2059.0
4151,326.0,4500.0
4152,157.0,1880.0
4153,687.0,631.0
4154,4956.0,3018.0
4155,3677.0,1703.0
4156,1355.0,2525.0
4157,1754.0,1583.0
4158,1684.0,4940.0
4159,1406.0,3573.0
4160,660.0,1162.0
4161,2389.0,752.0
4162,2485.0,3.0
4163,588.0,1937.0
4164,1740.0,4633.0
4165,1160.0,4834.0
4166,2274.0,1503.0
4167,4310.0,677.0
4168,3953.0,315.0
4169,4228.0,145.0
4170,2017.0,636.0
4171,3552.0,1904.0
4172,2169.0,4292.0
4173,501.0,2048.0
4174,667.0,3.0
4175,3914.0,739.0
4176,3572.0,2058.0
4177,2952.0,4775.0
4178,4211.0,3474.0
4179,382.0,1114.0
4180,1588.0,2001.0
4181,3548.0,2787.0
4182,4159.0,4073.0
4183,533.0,746.0
4184,4377.0,130.0
4185,3702.0,3164.0
4186,3887.0,1042.0
4187,344.0,2941.0
4188,4230.0,4103.0
4189,3141.0,247.0
4190,4138.0,3209.0
4191,1303.0,3758.0
4192,3246.0,4079.0
4193,1356.0,2807.0
4194,188.0,523.0
4195,4142.0,785.0
4196,3108.0,2779.0
4197,664.0,696.0
4198,2539.0,2343.0
4199,1968.0,1230.0
4200,4391.0,8.0
4201,2811.0,4417.0
4202,4027.0,2144.0
4203,3298.0,3075.0
4204,1940.0,307.0
4205,92.0,2687.0
4206,2246.0,2435.0
4207,2626.0,695.0
4208,3383.0,4023.0
4209,3116.0,3380.0
4210,3635.0,1679.0
4211,142.0,983.0
4212,1049.0,1440.0
4213,4505.0,2333.0
4214,343.0,37.0
4215,121.0,3986.0
4216,2333.0,797.0
4217,1015.0,4307.0
4218,4880.0,962.0
4219,1005.0,78.0
4220,3418.0,4164.0
4221,1774.0,1189.0
4222,2513.0,2700.0
4223,1008.0,478.0
4224,906.0,4108.0
4225,432.0,3204.0
4226,1603.0,1003.0
4227,1260.0,4027.0
4228,1045.0,1029.0
4229,4488.0,1119.0
4230,3882.0,4680.0
4231,4105.0,1801.0
4232,2680.0,1523.0
4233,3954.0,1182.0
4234,2152.0,250.0
4235,2819.0,1402.0
4236,1809.0,1802.0
4237,781.0,2819.0
4238,1773.0,1701.0
4239,2161.0,1206.0
4240,200.0,1066.0
4241,2205.0,3361.0
4242,3394.0,164.0
4243,1194.0,1176.0
4244,2184.0,2220.0
4245,2156.0,1529.0
4246,4158.0,1467.0
4247,3651.0,3764.0
4248,2156.0,3681.0
4249,1256.0,2535.0
4250,2298.0,1276.0
4251,2291.0,1115.0
4252,560.0,3510.0
4253,2692.0,536.0
4254,3658.0,2649.0
4255,554.0,4421.0
4256,701.0,2183.0
4257,4309.0,3518.0
4258,3194.0,836.0
4259,3017.0,1276.0
4260,426.0,1835.0
4261,2917.0,3247.0
4262,2883.0,4338.0
4263,921.0,2221.0
4264,1268.0,1454.0
4265,4496.0,2247.0
4266,3541.0,2205.0
4267,465.0,4488.0
4268,1341.0,3585.0
4269,4196.0,2514.0
4270,268.0,3545.0
4271,3833.0,1747.0
4272,450.0,3703.0
4273,3118.0,4967.0
4274,4192.0,1149.0
4275,2000.0,3110.0
4276,3504.0,1143.0
4277,2130.0,506.0
4278,2487.0,126.0
4279,3483.0,2329.0
4280,1391.0,3203.0
4281,631.0,1951.0
4282,3697.0,3841.0
4283,3150.0,1602.0
4284,1644.0,428.0
4285,60.0,2852.0
4286,4677.0,1714.0
4287,1544.0,1888.0
4288,138.0,3762.0
4289,795.0,2754.0
4290,3636.0,1099.0
4291,1887.0,2489.0
4292,962.0,3545.0
4293,3597.0,50.0
4294,1493.0,2465.0
4295,442.0,3474.0
4296,1842.0,1384.0
4297,305.0,2025.0
4298,1743.0,1088.0
4299,3113.0,4922.0
4300,3497.0,3861.0
4301,3210.0,2464.0
4302,2657.0,4934.0
4303,2485.0,982.0
4304,2719.0,3185.0
4305,4886.0,4438.0
4306,1665.0,2455.0
4307,4596.0,3524.0
4308,4479.0,2459.0
4309,3090.0,774.0
4310,3018.0,234.0
4311,1277.0,521.0
4312,3173.0,3004.0
4313,3784.0,1563.0
4314,1510.0,3288.0
4315,1671.0,950.0
4316,3350.0,1434.0
4317,2593.0,2296.0
4318,166.0,1586.0
4319,4542.0,41.0
4320,348.0,4381.0
4321,3696.0,3294.0
4322,3705.0,2056.0
4323,4264.0,641.0
4324,4984.0,2458.0
4325,3171.0,958.0
4326,1387.0,661.0
4327,1772.0,3415.0
4328,2098.0,3618.0
4329,3537.0,3806.0
4330,4714.0,2859.0
4331,1959.0,2747.0
4332,1433.0,266.0
4333,1269.0,2040.0
4334,1004.0,2759.0
4335,171.0,2620.0
4336,2669.0,4244.0
4337,1536.0,1249.0
4338,3175.0,2851.0
4339,81.0,3506.0
4340,4594.0,1491.0
4341,3538.0,2039.0
4342,105.0,1629.0
4343,2255.0,1349.0
4344,202.0,161.0
4345,3526.0,3172.0
4346,158.0,3129.0
4347,1746.0,1549.0
4348,1817.0,1277.0
4349,4876.0,231.0
4350,4607.0,178.0
4351,2568.0,2265.0
4352,3356.0,1530.0
4353,2124.0,1130.0
4354,2587.0,620.0
4355,882.0,2133.0
4356,1716.0,4361.0
4357,3076.0,1776.0
4358,493.0,4759.0
4359,4123.0,2174.0
4360,2872.0,1337.0
4361,1024.0,1414.0
4362,3290.0,1153.0
4363,3636.0,3380.0
4364,2806.0,2983.0
4365,4967.0,1053.0
4366,2161.0,161.0
4367,928.0,1841.0
4368,3845.0,542.0
4369,180.0,3537.0
4370,3943.0,763.0
4371,1385.0,2572.0
4372,640.0,1920.0
4373,1090.0,173.0
4374,4107.0,347.0
4375,677.0,2727.0
4376,3149.0,4023.0
4377,1973.0,4662.0
4378,2333.0,126.0
4379,2927.0,419.0
4380,2968.0,2520.0
4381,2809.0,1869.0
4382,4595.0,2049.0
4383,463.0,3893.0
4384,4315.0,3959.0
4385,4377.0,2312.0
4386,2276.0,2216.0
4387,4012.0,119.0
4388,2223.0,1437.0
4389,659.0,4618.0
4390,1351.0,4867.0
4391,3688.0,1422.0
4392,867.0,1068.0
4393,4239.0,3621.0
4394,899.0,4019.0
4395,4539.0,4468.0
4396,2820.0,926.0
4397,3402.0,4366.0
4398,875.0,4807.0
4399,1452.0,2958.0
4400,2628.0,4157.0
4401,346.0,2985.0
4402,676.0,2274.0
4403,4489.0,4610.0
4404,4033.0,2350.0
4405,1470.0,244.0
4406,3150.0,3342.0
4407,1396.0,4715.0
4408,3087.0,2933.0
4409,2830.0,2330.0
4410,2124.0,3026.0
4411,4353.0,2399.0
4412,4900.0,55.0
4413,3777.0,958.0
4414,1774.0,2162.0
4415,3607.0,4295.0
4416,142.0,3132.0
4417,1147.0,4605.0
4418,3993.0,4160.0
4419,1278.0,380.0
4420,4215.0,3998.0
4421,795.0,544.0
4422,563.0,1721.0
4423,3705.0,3437.0
4424,1083.0,4095.0
4425,2798.0,505.0
4426,1761.0,3038.0
4427,2970.0,2089.0
4428,556.0,2259.0
4429,695.0,1744.0
4430,3957.0,1340.0
4431,1264.0,42.0
4432,1131.0,770.0
4433,3010.0,3670.0
4434,4613.0,1458.0
4435,3839.0,700.0
4436,4251.0,2366.0
4437,1496.0,1606.0
4438,1476.0,3369.0
4439,2330.0,1612.0
4440,3318.0,1651.0
4441,4940.0,3233.0
4442,3300.0,904.0
4443,4412.0,2900.0
4444,786.0,3526.0
4445,2177.0,1550.0
4446,2419.0,3083.0
4447,3190.0,1469.0
4448,647.0,980.0
4449,1890.0,3042.0
4450,1787.0,3361.0
4451,2249.0,4962.0
4452,3950.0,4378.0
4453,4373.0,2183.0
4454,3263.0,30.0
4455,699.0,4469.0
4456,337.0,108.0
4457,2590.0,2189.0
4458,3544.0,4510.0
4459,1354.0,4981.0
4460,4637.0,1681.0
4461,3812.0,2727.0
4462,1940.0,568.0
4463,3768.0,4788.0
4464,3968.0,320.0
4465,4161.0,3693.0
4466,3964.0,845.0
4467,2844.0,4806.0
4468,431.0,1417.0
4469,4478.0,3087.0
4470,1667.0,2269.0
4471,2243.0,3652.0
4472,384.0,3535.0
4473,364.0,4186.0
4474,708.0,188.0
4475,1427.0,2046.0
4476,1482.0,552.0
4477,1609.0,2269.0
4478,2208.0,4050.0
4479,4537.0,2198.0
4480,3606.0,4882.0
4481,519.0,4188.0
4482,949.0,4342.0
4483,1293.0,2156.0
4484,2231.0,3208.0
4485,3139.0,747.0
4486,1721.0,4445.0
4487,1439.0,2371.0
4488,3892.0,32.0
4489,1901.0,4877.0
4490,1086.0,3236.0
4491,946.0,1272.0
4492,504.0,2373.0
4493,1310.0,1012.0
4494,4864.0,3441.0
4495,510.0,2736.0
4496,3683.0,1528.0
4497,1984.0,4986.0
4498,1703.0,1715.0
4499,2861.0,1368.0
4500,4910.0,1305.0
4501,4851.0,1099.0
4502,2469.0,611.0
4503,3197.0,3571.0
4504,3452.0,3865.0
4505,3468.0,249.0
4506,2203.0,2156.0
4507,4373.0,4510.0
4508,1202.0,3877.0
4509,1763.0,4643.0
4510,310.0,2532.0
4511,3698.0,2609.0
4512,709.0,2371.0
4513,4837.0,4160.0
4514,3513.0,4620.0
4515,2308.0,4799.0
4516,3929.0,3333.0
4517,1631.0,1190.0
4518,4310.0,4438.0
4519,2413.0,3077.0
4520,3252.0,1440.0
4521,2092.0,1290.0
4522,3959.0,2672.0
4523,674.0,4363.0
4524,2403.0,3098.0
4525,3539.0,3228.0
4526,364.0,2316.0
4527,1055.0,2242.0
4528,578.0,2396.0
4529,2658.0,2052.0
4530,983.0,3659.0
4531,4219.0,541.0
4532,4611.0,3149.0
4533,2933.0,3754.0
4534,1361.0,76.0
4535,3106.0,2464.0
4536,828.0,2195.0
4537,70.0,487.0
4538,2295.0,1227.0
4539,1609.0,1842.0
4540,715.0,109.0
4541,2691.0,304.0
4542,602.0,781.0
4543,3863.0,4015.0
4544,1183.0,3156.0
4545,4490.0,326.0
4546,765.0,4327.0
4547,3510.0,4977.0
4548,3112.0,403.0
4549,2925.0,405.0
4550,987.0,2466.0
4551,470.0,3030.0
4552,3556.0,3562.0
4553,1465.0,3566.0
4554,240.0,3983.0
4555,3472.0,3569.0
4556,3987.0,1588.0
4557,4061.0,4205.0
4558,4435.0,2206.0
4559,1316.0,820.0
4560,4157.0,1043.0
4561,4626.0,4874.0
4562,1106.0,1267.0
4563,1288.0,3417.0
4564,4071.0,2607.0
4565,2383.0,4420.0
4566,525.0,1797.0
4567,3242.0,2456.0
4568,2383.0,3475.0
4569,3620.0,1812.0
4570,2068.0,997.0
4571,3773.0,1362.0
4572,315.0,3674.0
4573,2359.0,3148.0
4574,1229.0,634.0
4575,1864.0,4818.0
4576,4306.0,2319.0
4577,1519.0,3728.0
4578,2621.0,3619.0
4579,4773.0,1248.0
4580,2785.0,3998.0
4581,2341.0,2705.0
4582,3124.0,4610.0
4583,4515.0,4700.0
4584,1949.0,2492.0
4585,2373.0,4467.0
4586,2903.0,4128.0
4587,2698.0,541.0
4588,3512.0,1053.0
4589,2183.0,4948.0
4590,1295.0,2656.0
4591,4029.0,2711.0
4592,4420.0,254.0
4593,1353.0,1480.0
4594,3317.0,4864.0
4595,3033.0,162.0
4596,932.0,2726.0
4597,355.0,1276.0
4598,770.0,210.0
4599,3569.0,3656.0
4600,726.0,3779.0
4601,360.0,534.0
4602,2034.0,332.0
4603,137.0,2909.0
4604,4766.0,1681.0
4605,1835.0,1574.0
4606,171.0,2747.0
4607,1877.0,1691.0
4608,4904.0,1475.0
4609,50.0,3616.0
4610,892.0,482.0
4611,141.0,4785.0
4612,3658.0,3090.0
4613,4755.0,1616.0
4614,2994.0,2084.0
4615,404.0,3118.0
4616,1616.0,3134.0
4617,2900.0,1736.0
4618,2485.0,712.0
4619,2917.0,1773.0
4620,554.0,3830.0
4621,4482.0,1603.0
4622,818.0,4986.0
4623,2300.0,665.0
4624,1929.0,1470.0
4625,2366.0,4757.0
4626,4111.0,4807.0
4627,3739.0,3047.0
4628,2133.0,2248.0
4629,2762.0,3932.0
4630,3393.0,909.0
4631,3438.0,2619.0
4632,3216.0,4445.0
4633,2689.0,3117.0
4634,3601.0,536.0
4635,1617.0,2362.0
4636,4707.0,3870.0
4637,341.0,1614.0
4638,970.0,500.0
4639,1379.0,711.0
4640,2441.0,1345.0
4641,251.0,4762.0
4642,3606.0,4671.0
4643,4501.0,1967.0
4644,1772.0,4802.0
4645,4084.0,3994.0
4646,250.0,2308.0
4647,2914.0,4198.0
4648,2700.0,913.0
4649,3529.0,1484.0
4650,3123.0,360.0
4651,2072.0,3975.0
4652,120.0,1000.0
4653,3946.0,4504.0
4654,1613.0,3500.0
4655,2639.0,2745.0
4656,3371.0,381.0
4657,4914.0,4804.0
4658,3365.0,3860.0
4659,2230.0,2162.0
4660,1690.0,1831.0
4661,917.0,3766.0
4662,608.0,205.0
4663,231.0,152.0
4664,3796.0,3887.0
4665,3345.0,892.0
4666,4679.0,1448.0
4667,2597.0,197.0
4668,2265.0,1517.0
4669,168.0,2421.0
4670,2737.0,1697.0
4671,1012.0,4641.0
4672,4760.0,1025.0
4673,925.0,2224.0
4674,2024.0,94.0
4675,2763.0,1214.0
4676,536.0,3377.0
4677,1336.0,2566.0
4678,3783.0,2224.0
4679,2260.0,778.0
4680,1831.0,4962.0
4681,1618.0,1146.0
4682,1063.0,939.0
4683,384.0,1462.0
4684,520.0,4608.0
4685,3026.0,3533.0
4686,2959.0,2196.0
4687,2989.0,2706.0
4688,3522.0,2636.0
4689,4438.0,706.0
4690,4727.0,617.0
4691,1749.0,2534.0
4692,351.0,4618.0
4693,4171.0,2825.0
4694,2671.0,2614.0
4695,2716.0,4292.0
4696,4340.0,4216.0
4697,2780.0,1814.0
4698,158.0,4385.0
4699,3473.0,781.0
4700,1203.0,2273.0
4701,766.0,2866.0
4702,4480.0,3828.0
4703,1215.0,2324.0
4704,1464.0,248.0
4705,576.0,1856.0
4706,4739.0,143.0
4707,4007.0,2398.0
4708,946.0,984.0
4709,4015.0,1488.0
4710,4407.0,3199.0
4711,4720.0,2883.0
4712,735.0,556.0
4713,3915.0,4109.0
4714,987.0,618.0
4715,1087.0,927.0
4716,3949.0,933.0
4717,3457.0,4154.0
4718,4718.0,4206.0
4719,4906.0,1028.0
4720,3686.0,1406.0
4721,1574.0,1110.0
4722,891.0,845.0
4723,703.0,4204.0
4724,1193.0,4935.0
4725,3299.0,4587.0
4726,3545.0,4119.0
4727,4945.0,1756.0
4728,1062.0,3377.0
4729,3554.0,4980.0
4730,2554.0,1079.0
4731,2015.0,3749.0
4732,1767.0,4613.0
4733,3378.0,1291.0
4734,1280.0,4886.0
4735,2721.0,4282.0
4736,1717.0,1788.0
4737,4605.0,4055.0
4738,2154.0,1928.0
4739,1804.0,962.0
4740,1939.0,2067.0
4741,2978.0,4660.0
4742,1606.0,3464.0
4743,2779.0,2506.0
4744,1760.0,4377.0
4745,2149.0,3586.0
4746,3558.0,4459.0
4747,1755.0,1265.0
4748,272.0,4204.0
4749,1843.0,3989.0
4750,2579.0,3523.0
4751,4603.0,3196.0
4752,305.0,4228.0
4753,573.0,2535.0
4754,1459.0,4438.0
4755,1818.0,1810.0
4756,3287.0,4839.0
4757,4494.0,2389.0
4758,2482.0,969.0
4759,2872.0,4532.0
4760,3819.0,4067.0
4761,568.0,757.0
4762,153.0,3071.0
4763,2009.0,4808.0
4764,3191.0,3708.0
4765,979.0,720.0
4766,2704.0,2819.0
4767,3040.0,4051.0
4768,793.0,2094.0
4769,1613.0,1158.0
4770,4000.0,2153.0
4771,391.0,3709.0
4772,1760.0,3167.0
4773,4487.0,3152.0
4774,4403.0,3091.0
4775,3097.0,4571.0
4776,1250.0,4659.0
4777,1397.0,3954.0
4778,2553.0,4838.0
4779,1876.0,4569.0
4780,715.0,3852.0
4781,4270.0,4172.0
4782,58.0,2279.0
4783,210.0,4435.0
4784,3459.0,250.0
4785,3656.0,4085.0
4786,1974.0,2147.0
4787,3129.0,4262.0
4788,1310.0,4647.0
4789,124.0,1692.0
4790,1325.0,3618.0
4791,4393.0,2796.0
4792,1110.0,2042.0
4793,2276.0,3184.0
4794,2522.0,85.0
4795,1149.0,424.0
4796,1389.0,1105.0
4797,1278.0,897.0
4798,687.0,2586.0
4799,3184.0,2947.0
4800,2933.0,4227.0
4801,1828.0,4096.0
4802,2175.0,4436.0
4803,4072.0,1806.0
4804,3042.0,15.0
4805,1715.0,248.0
4806,432.0,1653.0
4807,3412.0,3259.0
4808,3598.0,4054.0
4809,3894.0,2829.0
4810,1179.0,4817.0
4811,2198.0,1315.0
4812,841.0,1876.0
4813,1251.0,4498.0
4814,1236.0,4800.0
4815,1602.0,2461.0
4816,1054.0,3212.0
4817,4060.0,4471.0
4818,4940.0,261.0
4819,3716.0,3048.0
4820,3885.0,1750.0
4821,119.0,3243.0
4822,850.0,610.0
4823,4354.0,4611.0
4824,3777.0,742.0
4825,3825.0,3472.0
4826,2785.0,920.0
4827,2276.0,1825.0
4828,1656.0,4179.0
4829,318.0,3831.0
4830,1715.0,493.0
4831,1504.0,786.0
4832,2318.0,4411.0
4833,2169.0,1285.0
4834,4816.0,4016.0
4835,554.0,1361.0
4836,1998.0,1206.0
4837,252.0,2249.0
4838,3401.0,4562.0
4839,780.0,385.0
4840,329.0,1363.0
4841,648.0,987.0
4842,1841.0,2869.0
4843,4754.0,2263.0
4844,3066.0,2635.0
4845,2237.0,530.0
4846,124.0,3849.0
4847,2170.0,1510.0
4848,2082.0,1482.0
4849,4865.0,3966.0
4850,2516.0,3492.0
4851,3899.0,4498.0
4852,3405.0,4292.0
4853,407.0,4918.0
4854,822.0,1118.0
4855,3214.0,650.0
4856,2400.0,3810.0
4857,3897.0,4373.0
4858,519.0,2920.0
4859,2437.0,2976.0
4860,1176.0,4139.0
4861,4211.0,1352.0
4862,622.0,641.0
4863,1011.0,2741.0
4864,1006.0,2161.0
4865,3189.0,681.0
4866,327.0,2719.0
4867,1997.0,2772.0
4868,2438.0,1508.0
4869,3269.0,724.0
4870,3112.0,2236.0
4871,117.0,2526.0
4872,1430.0,4779.0
4873,3636.0,824.0
4874,2530.0,473.0
4875,851.0,3139.0
4876,1271.0,3643.0
4877,2809.0,2789.0
4878,4364.0,3418.0
4879,425.0,3406.0
4880,457.0,273.0
4881,4095.0,4281.0
4882,116.0,4101.0
4883,3647.0,2462.0
4884,486.0,502.0
4885,4285.0,866.0
4886,2551.0,361.0
4887,3454.0,3216.0
4888,325.0,2217.0
4889,80.0,1142.0
4890,4112.0,1779.0
4891,4254.0,1214.0
4892,3508.0,2181.0
4893,3489.0,2211.0
4894,1138.0,2766.0
4895,147.0,3364.0
4896,940.0,2865.0
4897,4220.0,3002.0
4898,4028.0,3158.0
4899,4288.0,1309.0
4900,2481.0,3850.0
4901,2656.0,242.0
4902,4474.0,4627.0
4903,4365.0,1855.0
4904,689.0,3391.0
4905,3496.0,4736.0
4906,4935.0,1236.0
4907,4555.0,104.0
4908,4760.0,3057.0
4909,1172.0,242.0
4910,3424.0,1887.0
4911,4512.0,958.0
4912,9.0,1354.0
4913,3012.0,4579.0
4914,2892.0,1014.0
4915,4574.0,174.0
4916,1694.0,2621.0
4917,3430.0,2279.0
4918,4928.0,3339.0
4919,4756.0,1347.0
4920,1407.0,3884.0
4921,459.0,3574.0
4922,4684.0,2618.0
4923,3028.0,2590.0
4924,3082.0,3974.0
4925,4458.0,3953.0
4926,3932.0,2732.0
4927,690.0,2978.0
4928,2694.0,619.0
4929,3612.0,2200.0
4930,833.0,3260.0
4931,892.0,3067.0
4932,743.0,1366.0
4933,1671.0,2586.0
4934,3516.0,30.0
4935,3121.0,3433.0
4936,4731.0,4988.0
4937,1338.0,1798.0
4938,2692.0,629.0
4939,4990.0,4352.0
4940,3120.0,10.0
4941,2321.0,4816.0
4942,4735.0,4723.0
4943,1925.0,1475.0
4944,553.0,1179.0
4945,3933.0,4513.0
4946,2461.0,4926.0
4947,401.0,1432.0
4948,1214.0,3375.0
4949,3474.0,2879.0
4950,4428.0,1170.0
4951,452.0,2857.0
4952,2518.0,1625.0
4953,399.0,1437.0
4954,3389.0,3542.0
4955,1345.0,400.0
4956,4725.0,221.0
4957,4173.0,4234.0
4958,1909.0,4255.0
4959,4068.0,1195.0
4960,3379.0,2181.0
4961,401.0,2193.0
4962,460.0,3776.0
4963,1210.0,3831.0
4964,2150.0,4138.0
4965,2626.0,2981.0
4966,452.0,514.0
4967,4362.0,290.0
4968,2640.0,2471.0
4969,3247.0,554.0
4970,1950.0,3432.0
4971,3687.0,849.0
4972,3733.0,1360.0
4973,3481.0,2584.0
4974,1071.0,2404.0
4975,317.0,3174.0
4976,2284.0,962.0
4977,1836.0,2806.0
4978,1285.0,4684.0
4979,4325.0,3734.0
4980,1868.0,4164.0
4981,1000.0,4203.0
4982,1545.0,1912.0
4983,3945.0,1778.0
4984,3877.0,351.0
4985,4339.0,2961.0
4986,4085.0,3376.0
4987,258.0,721.0
4988,2169.0,2022.0
4989,3589.0,2663.0
4990,3525.0,4887.0
4991,3598.0,1167.0
4992,12.0,1625.0
4993,1630.0,709.0
4994,716.0,709.0
4995,1207.0,170.0
4996,497.0,3364.0
4997,4122.0,4254.0
4998,2061.0,3794.0
4999,503.0,4742.0
